words,word_players,match_id,team_name,outcome,goals_scored,goals_conceded,season_half,K,beta
Duel,Marc Cucurella Saseta,3955639,Chelsea,Lost,0,2,First half,1.2824938269778166,0.7717698711777349
Goal Keeper-Carry-Pass-Ball Receipt-Carry-Pass-Ball Receipt-Carry,Robert Lynch Sanchez-Robert Lynch Sanchez-Robert Lynch Sanchez-Wesley Fofana-Wesley Fofana-Wesley Fofana-Levi Colwill-Levi Colwill,3955639,Chelsea,Lost,0,2,First half,1.2824938269778166,0.7717698711777349
Pass-Ball Receipt-Carry-Pass-Ball Receipt-Carry,Levi Colwill-Marc Cucurella Saseta-Marc Cucurella Saseta-Marc Cucurella Saseta-Christopher Nkunku-Christopher Nkunku,3955639,Chelsea,Lost,0,2,First half,1.2824938269778166,0.7717698711777349
Miscontrol-Pressure,Christopher Nkunku-Christopher Nkunku,3955639,Chelsea,Lost,0,2,First half,1.2824938269778166,0.7717698711777349
Pressure,Marc Cucurella Saseta,3955639,Chelsea,Lost,0,2,First half,1.2824938269778166,0.7717698711777349
Duel,Marc Cucurella Saseta,3955639,Chelsea,Lost,0,2,First half,1.2824938269778166,0.7717698711777349
Pressure,Roméo Lavia,3955639,Chelsea,Lost,0,2,First half,1.2824938269778166,0.7717698711777349
Pressure,Enzo Fernandez,3955639,Chelsea,Lost,0,2,First half,1.2824938269778166,0.7717698711777349
Pressure,Christopher Nkunku,3955639,Chelsea,Lost,0,2,First half,1.2824938269778166,0.7717698711777349
Pass-Ball Receipt-Pass-Ball Receipt-Carry-Pass-Ball Receipt-Carry-Pass,Robert Lynch Sanchez-Levi Colwill-Levi Colwill-Malo Gusto-Malo Gusto-Malo Gusto-Wesley Fofana-Wesley Fofana-Wesley Fofana,3955639,Chelsea,Lost,0,2,First half,1.2824938269778166,0.7717698711777349
Ball Receipt-Carry-Pass-Ball Receipt-Carry,Moisés Isaac Caicedo Corozo-Moisés Isaac Caicedo Corozo-Moisés Isaac Caicedo Corozo-Wesley Fofana-Wesley Fofana,3955639,Chelsea,Lost,0,2,First half,1.2824938269778166,0.7717698711777349
Pass,Wesley Fofana,3955639,Chelsea,Lost,0,2,First half,1.2824938269778166,0.7717698711777349
Ball Receipt-Carry-Pass,Robert Lynch Sanchez-Robert Lynch Sanchez-Robert Lynch Sanchez,3955639,Chelsea,Lost,0,2,First half,1.2824938269778166,0.7717698711777349
Pass-Ball Receipt-Carry,Marc Cucurella Saseta-Enzo Fernandez-Enzo Fernandez,3955639,Chelsea,Lost,0,2,First half,1.2824938269778166,0.7717698711777349
Pass,Enzo Fernandez,3955639,Chelsea,Lost,0,2,First half,1.2824938269778166,0.7717698711777349
Ball Receipt-Pass,Levi Colwill-Levi Colwill,3955639,Chelsea,Lost,0,2,First half,1.2824938269778166,0.7717698711777349
Ball Receipt-Carry-Pass-Ball Receipt-Carry,Roméo Lavia-Roméo Lavia-Roméo Lavia-Enzo Fernandez-Enzo Fernandez,3955639,Chelsea,Lost,0,2,First half,1.2824938269778166,0.7717698711777349
Pass-Ball Receipt,Enzo Fernandez-Nicolas Jackson,3955639,Chelsea,Lost,0,2,First half,1.2824938269778166,0.7717698711777349
Pressure,Enzo Fernandez,3955639,Chelsea,Lost,0,2,First half,1.2824938269778166,0.7717698711777349
Pressure,Cole Palmer,3955639,Chelsea,Lost,0,2,First half,1.2824938269778166,0.7717698711777349
Block-Ball Recovery-Pass-Ball Receipt,Malo Gusto-Robert Lynch Sanchez-Robert Lynch Sanchez-Enzo Fernandez,3955639,Chelsea,Lost,0,2,First half,1.2824938269778166,0.7717698711777349
Pass-Ball Receipt-Pass-Ball Receipt,Enzo Fernandez-Marc Cucurella Saseta-Marc Cucurella Saseta-Christopher Nkunku,3955639,Chelsea,Lost,0,2,First half,1.2824938269778166,0.7717698711777349
Pressure,Marc Cucurella Saseta,3955639,Chelsea,Lost,0,2,First half,1.2824938269778166,0.7717698711777349
Duel-Ball Recovery-Carry,Marc Cucurella Saseta-Enzo Fernandez-Enzo Fernandez,3955639,Chelsea,Lost,0,2,First half,1.2824938269778166,0.7717698711777349
Pass,Enzo Fernandez,3955639,Chelsea,Lost,0,2,First half,1.2824938269778166,0.7717698711777349
Ball Receipt-Carry-Pass-Ball Receipt,Marc Cucurella Saseta-Marc Cucurella Saseta-Marc Cucurella Saseta-Nicolas Jackson,3955639,Chelsea,Lost,0,2,First half,1.2824938269778166,0.7717698711777349
Pressure-Foul Committed,Christopher Nkunku-Christopher Nkunku,3955639,Chelsea,Lost,0,2,First half,1.2824938269778166,0.7717698711777349
Pass-Ball Receipt-Carry,Marc Cucurella Saseta-Enzo Fernandez-Enzo Fernandez,3955639,Chelsea,Lost,0,2,First half,1.2824938269778166,0.7717698711777349
Pass-Ball Receipt,Enzo Fernandez-Roméo Lavia,3955639,Chelsea,Lost,0,2,First half,1.2824938269778166,0.7717698711777349
Pass-Ball Receipt,Robert Lynch Sanchez-Levi Colwill,3955639,Chelsea,Lost,0,2,First half,1.2824938269778166,0.7717698711777349
Pass-Ball Receipt-Carry-Dribble-Carry,Levi Colwill-Christopher Nkunku-Christopher Nkunku-Christopher Nkunku-Christopher Nkunku,3955639,Chelsea,Lost,0,2,First half,1.2824938269778166,0.7717698711777349
Ball Recovery-Carry-Pass-Ball Receipt-Carry-Pass-Ball Receipt-Carry-Pass-Ball Receipt-Carry-Pass-Ball Receipt-Carry-Pass-Ball Receipt-Carry-Pass-Ball Receipt-Pass-Ball Receipt-Carry,Christopher Nkunku-Christopher Nkunku-Christopher Nkunku-Roméo Lavia-Roméo Lavia-Roméo Lavia-Moisés Isaac Caicedo Corozo-Moisés Isaac Caicedo Corozo-Moisés Isaac Caicedo Corozo-Cole Palmer-Cole Palmer-Cole Palmer-Moisés Isaac Caicedo Corozo-Moisés Isaac Caicedo Corozo-Moisés Isaac Caicedo Corozo-Levi Colwill-Levi Colwill-Levi Colwill-Wesley Fofana-Wesley Fofana-Moisés Isaac Caicedo Corozo-Moisés Isaac Caicedo Corozo,3955639,Chelsea,Lost,0,2,First half,1.2824938269778166,0.7717698711777349
Pass-Ball Receipt-Carry-Pass-Ball Receipt-Carry,Moisés Isaac Caicedo Corozo-Malo Gusto-Malo Gusto-Malo Gusto-Cole Palmer-Cole Palmer,3955639,Chelsea,Lost,0,2,First half,1.2824938269778166,0.7717698711777349
Pass-Ball Receipt-Carry-Pass-Ball Receipt-Carry-Pass-Ball Receipt-Carry,Cole Palmer-Wesley Fofana-Wesley Fofana-Wesley Fofana-Cole Palmer-Cole Palmer-Cole Palmer-Nicolas Jackson-Nicolas Jackson,3955639,Chelsea,Lost,0,2,First half,1.2824938269778166,0.7717698711777349
Pass-Ball Receipt-Carry,Nicolas Jackson-Malo Gusto-Malo Gusto,3955639,Chelsea,Lost,0,2,First half,1.2824938269778166,0.7717698711777349
Dispossessed,Malo Gusto,3955639,Chelsea,Lost,0,2,First half,1.2824938269778166,0.7717698711777349
Pressure,Christopher Nkunku,3955639,Chelsea,Lost,0,2,First half,1.2824938269778166,0.7717698711777349
Pressure,Nicolas Jackson,3955639,Chelsea,Lost,0,2,First half,1.2824938269778166,0.7717698711777349
Pressure,Christopher Nkunku,3955639,Chelsea,Lost,0,2,First half,1.2824938269778166,0.7717698711777349
Block,Christopher Nkunku,3955639,Chelsea,Lost,0,2,First half,1.2824938269778166,0.7717698711777349
Ball Recovery-Carry-Pass-Ball Receipt-Carry-Pass-Ball Receipt-Carry-Pass-Ball Receipt-Carry-Pass-Ball Receipt-Carry-Pass-Ball Receipt-Carry-Pass-Ball Receipt-Carry-Pass-Ball Receipt-Carry-Pass-Ball Receipt-Carry-Pass-Ball Receipt-Carry-Pass-Ball Receipt-Carry-Pass-Ball Receipt-Carry-Pass-Ball Receipt-Carry-Pass-Pressure-Ball Receipt,Marc Cucurella Saseta-Marc Cucurella Saseta-Marc Cucurella Saseta-Enzo Fernandez-Enzo Fernandez-Enzo Fernandez-Marc Cucurella Saseta-Marc Cucurella Saseta-Marc Cucurella Saseta-Enzo Fernandez-Enzo Fernandez-Enzo Fernandez-Levi Colwill-Levi Colwill-Levi Colwill-Wesley Fofana-Wesley Fofana-Wesley Fofana-Roméo Lavia-Roméo Lavia-Roméo Lavia-Marc Cucurella Saseta-Marc Cucurella Saseta-Marc Cucurella Saseta-Roméo Lavia-Roméo Lavia-Roméo Lavia-Wesley Fofana-Wesley Fofana-Wesley Fofana-Levi Colwill-Levi Colwill-Levi Colwill-Marc Cucurella Saseta-Marc Cucurella Saseta-Marc Cucurella Saseta-Robert Lynch Sanchez-Robert Lynch Sanchez-Robert Lynch Sanchez-Christopher Nkunku-Christopher Nkunku,3955639,Chelsea,Lost,0,2,First half,1.2824938269778166,0.7717698711777349
Pressure,Enzo Fernandez,3955639,Chelsea,Lost,0,2,First half,1.2824938269778166,0.7717698711777349
Pressure-Pressure,Cole Palmer-Wesley Fofana,3955639,Chelsea,Lost,0,2,First half,1.2824938269778166,0.7717698711777349
Pressure,Levi Colwill,3955639,Chelsea,Lost,0,2,First half,1.2824938269778166,0.7717698711777349
Block-Goal Keeper,Levi Colwill-Robert Lynch Sanchez,3955639,Chelsea,Lost,0,2,First half,1.2824938269778166,0.7717698711777349
Foul Won-Pass-Ball Receipt-Pass,Robert Lynch Sanchez-Robert Lynch Sanchez-Wesley Fofana-Wesley Fofana,3955639,Chelsea,Lost,0,2,First half,1.2824938269778166,0.7717698711777349
Ball Receipt-Carry-Pass-Ball Receipt-Carry-Pass,Cole Palmer-Cole Palmer-Cole Palmer-Moisés Isaac Caicedo Corozo-Moisés Isaac Caicedo Corozo-Moisés Isaac Caicedo Corozo,3955639,Chelsea,Lost,0,2,First half,1.2824938269778166,0.7717698711777349
Ball Receipt-Carry-Pass-Ball Receipt-Carry-Pass-Ball Receipt-Carry-Pass-Ball Receipt,Roméo Lavia-Roméo Lavia-Roméo Lavia-Enzo Fernandez-Enzo Fernandez-Enzo Fernandez-Malo Gusto-Malo Gusto-Malo Gusto-Cole Palmer,3955639,Chelsea,Lost,0,2,First half,1.2824938269778166,0.7717698711777349
Pass-Ball Receipt-Pass-Ball Receipt-Carry-Pass-Ball Receipt-Carry-Pass-Shot-Ball Receipt,Cole Palmer-Enzo Fernandez-Enzo Fernandez-Malo Gusto-Malo Gusto-Malo Gusto-Cole Palmer-Cole Palmer-Cole Palmer-Wesley Fofana-Wesley Fofana,3955639,Chelsea,Lost,0,2,First half,1.2824938269778166,0.7717698711777349
Pressure,Enzo Fernandez,3955639,Chelsea,Lost,0,2,First half,1.2824938269778166,0.7717698711777349
Pressure,Marc Cucurella Saseta,3955639,Chelsea,Lost,0,2,First half,1.2824938269778166,0.7717698711777349
Duel-Carry-Pass,Marc Cucurella Saseta-Marc Cucurella Saseta-Marc Cucurella Saseta,3955639,Chelsea,Lost,0,2,First half,1.2824938269778166,0.7717698711777349
Ball Receipt-Carry-Pass-Ball Receipt-Carry-Pass-Ball Receipt-Carry-Miscontrol-Pressure,Christopher Nkunku-Christopher Nkunku-Christopher Nkunku-Enzo Fernandez-Enzo Fernandez-Enzo Fernandez-Cole Palmer-Cole Palmer-Cole Palmer-Cole Palmer,3955639,Chelsea,Lost,0,2,First half,1.2824938269778166,0.7717698711777349
Goal Keeper-Pass-Ball Receipt,Robert Lynch Sanchez-Robert Lynch Sanchez-Wesley Fofana,3955639,Chelsea,Lost,0,2,First half,1.2824938269778166,0.7717698711777349
Pass-Ball Receipt-Carry,Wesley Fofana-Malo Gusto-Malo Gusto,3955639,Chelsea,Lost,0,2,First half,1.2824938269778166,0.7717698711777349
Pass-Ball Receipt-Carry,Malo Gusto-Wesley Fofana-Wesley Fofana,3955639,Chelsea,Lost,0,2,First half,1.2824938269778166,0.7717698711777349
Pass,Wesley Fofana,3955639,Chelsea,Lost,0,2,First half,1.2824938269778166,0.7717698711777349
Pressure,Enzo Fernandez,3955639,Chelsea,Lost,0,2,First half,1.2824938269778166,0.7717698711777349
Pass-Ball Receipt-Carry-Pass-Ball Receipt-Carry-Pass-Ball Receipt-Carry-Pass-Ball Receipt-Carry-Pass-Ball Receipt-Carry-Pass-Ball Receipt-Carry-Pass-Ball Receipt-Carry-Pass-Ball Receipt-Pass-Ball Receipt-Carry-Pass-Ball Receipt-Carry-Pass-Ball Receipt-Carry-Pass-Ball Receipt-Carry,Roméo Lavia-Christopher Nkunku-Christopher Nkunku-Christopher Nkunku-Enzo Fernandez-Enzo Fernandez-Enzo Fernandez-Cole Palmer-Cole Palmer-Cole Palmer-Moisés Isaac Caicedo Corozo-Moisés Isaac Caicedo Corozo-Moisés Isaac Caicedo Corozo-Roméo Lavia-Roméo Lavia-Roméo Lavia-Marc Cucurella Saseta-Marc Cucurella Saseta-Marc Cucurella Saseta-Enzo Fernandez-Enzo Fernandez-Enzo Fernandez-Roméo Lavia-Roméo Lavia-Marc Cucurella Saseta-Marc Cucurella Saseta-Marc Cucurella Saseta-Levi Colwill-Levi Colwill-Levi Colwill-Wesley Fofana-Wesley Fofana-Wesley Fofana-Cole Palmer-Cole Palmer,3955639,Chelsea,Lost,0,2,First half,1.2824938269778166,0.7717698711777349
Pass,Cole Palmer,3955639,Chelsea,Lost,0,2,First half,1.2824938269778166,0.7717698711777349
Ball Receipt-Pass-Ball Receipt-Carry,Nicolas Jackson-Nicolas Jackson-Cole Palmer-Cole Palmer,3955639,Chelsea,Lost,0,2,First half,1.2824938269778166,0.7717698711777349
Dispossessed,Cole Palmer,3955639,Chelsea,Lost,0,2,First half,1.2824938269778166,0.7717698711777349
Pressure,Malo Gusto,3955639,Chelsea,Lost,0,2,First half,1.2824938269778166,0.7717698711777349
Pressure,Marc Cucurella Saseta,3955639,Chelsea,Lost,0,2,First half,1.2824938269778166,0.7717698711777349
Pressure,Roméo Lavia,3955639,Chelsea,Lost,0,2,First half,1.2824938269778166,0.7717698711777349
Foul Won-Pass-Ball Receipt-Pass-Ball Receipt-Carry-Pass-Ball Receipt-Carry,Marc Cucurella Saseta-Levi Colwill-Wesley Fofana-Wesley Fofana-Malo Gusto-Malo Gusto-Malo Gusto-Wesley Fofana-Wesley Fofana,3955639,Chelsea,Lost,0,2,First half,1.2824938269778166,0.7717698711777349
Pass,Wesley Fofana,3955639,Chelsea,Lost,0,2,First half,1.2824938269778166,0.7717698711777349
Ball Receipt-Pass,Nicolas Jackson-Nicolas Jackson,3955639,Chelsea,Lost,0,2,First half,1.2824938269778166,0.7717698711777349
Ball Recovery-Carry-Dribble-Carry,Malo Gusto-Malo Gusto-Malo Gusto-Malo Gusto,3955639,Chelsea,Lost,0,2,First half,1.2824938269778166,0.7717698711777349
Pass-Ball Receipt,Malo Gusto-Cole Palmer,3955639,Chelsea,Lost,0,2,First half,1.2824938269778166,0.7717698711777349
Ball Recovery-Carry-Pass-Ball Receipt-Carry-Miscontrol-Pressure-Foul Committed,Enzo Fernandez-Enzo Fernandez-Enzo Fernandez-Nicolas Jackson-Nicolas Jackson-Nicolas Jackson-Nicolas Jackson-Nicolas Jackson,3955639,Chelsea,Lost,0,2,First half,1.2824938269778166,0.7717698711777349
Pressure,Moisés Isaac Caicedo Corozo,3955639,Chelsea,Lost,0,2,First half,1.2824938269778166,0.7717698711777349
Block,Moisés Isaac Caicedo Corozo,3955639,Chelsea,Lost,0,2,First half,1.2824938269778166,0.7717698711777349
Pressure,Enzo Fernandez,3955639,Chelsea,Lost,0,2,First half,1.2824938269778166,0.7717698711777349
Pressure,Roméo Lavia,3955639,Chelsea,Lost,0,2,First half,1.2824938269778166,0.7717698711777349
Foul Committed,Roméo Lavia,3955639,Chelsea,Lost,0,2,First half,1.2824938269778166,0.7717698711777349
Pressure,Wesley Fofana,3955639,Chelsea,Lost,0,2,First half,1.2824938269778166,0.7717698711777349
Ball Recovery-Carry-Pass-Ball Receipt-Carry-Pass-Ball Receipt-Carry,Robert Lynch Sanchez-Robert Lynch Sanchez-Robert Lynch Sanchez-Levi Colwill-Levi Colwill-Levi Colwill-Marc Cucurella Saseta-Marc Cucurella Saseta,3955639,Chelsea,Lost,0,2,First half,1.2824938269778166,0.7717698711777349
Foul Won-Pass-Ball Receipt-Carry-Pass-Ball Receipt-Carry-Pass,Marc Cucurella Saseta-Marc Cucurella Saseta-Levi Colwill-Levi Colwill-Levi Colwill-Robert Lynch Sanchez-Robert Lynch Sanchez-Robert Lynch Sanchez,3955639,Chelsea,Lost,0,2,First half,1.2824938269778166,0.7717698711777349
Pressure,Christopher Nkunku,3955639,Chelsea,Lost,0,2,First half,1.2824938269778166,0.7717698711777349
Duel-Block-Pass-Ball Receipt-Carry-Pass-Ball Receipt-Carry-Pass-Ball Receipt,Christopher Nkunku-Marc Cucurella Saseta-Christopher Nkunku-Marc Cucurella Saseta-Marc Cucurella Saseta-Marc Cucurella Saseta-Nicolas Jackson-Nicolas Jackson-Nicolas Jackson-Marc Cucurella Saseta,3955639,Chelsea,Lost,0,2,First half,1.2824938269778166,0.7717698711777349
Pressure,Nicolas Jackson,3955639,Chelsea,Lost,0,2,First half,1.2824938269778166,0.7717698711777349
Pressure,Moisés Isaac Caicedo Corozo,3955639,Chelsea,Lost,0,2,First half,1.2824938269778166,0.7717698711777349
Foul Committed,Moisés Isaac Caicedo Corozo,3955639,Chelsea,Lost,0,2,First half,1.2824938269778166,0.7717698711777349
Clearance,Wesley Fofana,3955639,Chelsea,Lost,0,2,First half,1.2824938269778166,0.7717698711777349
Pressure,Wesley Fofana,3955639,Chelsea,Lost,0,2,First half,1.2824938269778166,0.7717698711777349
Pass-Pressure-Ball Receipt,Malo Gusto-Nicolas Jackson-Nicolas Jackson,3955639,Chelsea,Lost,0,2,First half,1.2824938269778166,0.7717698711777349
Pressure-Pressure,Levi Colwill-Marc Cucurella Saseta,3955639,Chelsea,Lost,0,2,First half,1.2824938269778166,0.7717698711777349
Dribbled Past,Levi Colwill,3955639,Chelsea,Lost,0,2,First half,1.2824938269778166,0.7717698711777349
Goal Keeper-Pass-Ball Receipt-Carry-Pass-Ball Receipt-Carry-Pass-Ball Receipt-Carry,Robert Lynch Sanchez-Nicolas Jackson-Malo Gusto-Malo Gusto-Malo Gusto-Wesley Fofana-Wesley Fofana-Wesley Fofana-Levi Colwill-Levi Colwill,3955639,Chelsea,Lost,0,2,First half,1.2824938269778166,0.7717698711777349
Pass,Levi Colwill,3955639,Chelsea,Lost,0,2,First half,1.2824938269778166,0.7717698711777349
Ball Receipt-Carry-Pass-Ball Receipt-Carry,Moisés Isaac Caicedo Corozo-Moisés Isaac Caicedo Corozo-Moisés Isaac Caicedo Corozo-Marc Cucurella Saseta-Marc Cucurella Saseta,3955639,Chelsea,Lost,0,2,First half,1.2824938269778166,0.7717698711777349
Pass,Marc Cucurella Saseta,3955639,Chelsea,Lost,0,2,First half,1.2824938269778166,0.7717698711777349
Pass-Ball Receipt-Carry,Marc Cucurella Saseta-Enzo Fernandez-Enzo Fernandez,3955639,Chelsea,Lost,0,2,First half,1.2824938269778166,0.7717698711777349
Pass-Ball Receipt,Enzo Fernandez-Cole Palmer,3955639,Chelsea,Lost,0,2,First half,1.2824938269778166,0.7717698711777349
Pressure,Malo Gusto,3955639,Chelsea,Lost,0,2,First half,1.2824938269778166,0.7717698711777349
Pressure,Nicolas Jackson,3955639,Chelsea,Lost,0,2,First half,1.2824938269778166,0.7717698711777349
Pressure,Roméo Lavia,3955639,Chelsea,Lost,0,2,First half,1.2824938269778166,0.7717698711777349
Duel,Roméo Lavia,3955639,Chelsea,Lost,0,2,First half,1.2824938269778166,0.7717698711777349
Pressure,Christopher Nkunku,3955639,Chelsea,Lost,0,2,First half,1.2824938269778166,0.7717698711777349
Pressure,Marc Cucurella Saseta,3955639,Chelsea,Lost,0,2,First half,1.2824938269778166,0.7717698711777349
Pressure,Enzo Fernandez,3955639,Chelsea,Lost,0,2,First half,1.2824938269778166,0.7717698711777349
Pressure,Christopher Nkunku,3955639,Chelsea,Lost,0,2,First half,1.2824938269778166,0.7717698711777349
Pressure,Enzo Fernandez,3955639,Chelsea,Lost,0,2,First half,1.2824938269778166,0.7717698711777349
Pressure,Roméo Lavia,3955639,Chelsea,Lost,0,2,First half,1.2824938269778166,0.7717698711777349
Pressure-Pressure,Marc Cucurella Saseta-Moisés Isaac Caicedo Corozo,3955639,Chelsea,Lost,0,2,First half,1.2824938269778166,0.7717698711777349
Pressure,Moisés Isaac Caicedo Corozo,3955639,Chelsea,Lost,0,2,First half,1.2824938269778166,0.7717698711777349
Goal Keeper-Pass-Ball Receipt,Robert Lynch Sanchez-Robert Lynch Sanchez-Levi Colwill,3955639,Chelsea,Lost,0,2,First half,1.2824938269778166,0.7717698711777349
Pass-Ball Receipt,Levi Colwill-Christopher Nkunku,3955639,Chelsea,Lost,0,2,First half,1.2824938269778166,0.7717698711777349
Pressure,Enzo Fernandez,3955639,Chelsea,Lost,0,2,First half,1.2824938269778166,0.7717698711777349
Pass,Marc Cucurella Saseta,3955639,Chelsea,Lost,0,2,First half,1.2824938269778166,0.7717698711777349
Ball Receipt-Dispossessed,Enzo Fernandez-Enzo Fernandez,3955639,Chelsea,Lost,0,2,First half,1.2824938269778166,0.7717698711777349
Pressure,Enzo Fernandez,3955639,Chelsea,Lost,0,2,First half,1.2824938269778166,0.7717698711777349
Pressure,Enzo Fernandez,3955639,Chelsea,Lost,0,2,First half,1.2824938269778166,0.7717698711777349
Block,Malo Gusto,3955639,Chelsea,Lost,0,2,First half,1.2824938269778166,0.7717698711777349
Pass-Ball Receipt-Carry-Pass-Ball Receipt,Malo Gusto-Cole Palmer-Cole Palmer-Cole Palmer-Malo Gusto,3955639,Chelsea,Lost,0,2,First half,1.2824938269778166,0.7717698711777349
Pass-Ball Receipt-Carry-Miscontrol-Pressure,Malo Gusto-Moisés Isaac Caicedo Corozo-Moisés Isaac Caicedo Corozo-Moisés Isaac Caicedo Corozo-Moisés Isaac Caicedo Corozo,3955639,Chelsea,Lost,0,2,First half,1.2824938269778166,0.7717698711777349
Pass-Ball Receipt-Carry,Malo Gusto-Moisés Isaac Caicedo Corozo-Moisés Isaac Caicedo Corozo,3955639,Chelsea,Lost,0,2,First half,1.2824938269778166,0.7717698711777349
Pass-Ball Receipt-Carry,Moisés Isaac Caicedo Corozo-Malo Gusto-Malo Gusto,3955639,Chelsea,Lost,0,2,First half,1.2824938269778166,0.7717698711777349
Pass-Ball Receipt-Carry-Pass-Ball Receipt-Carry,Malo Gusto-Wesley Fofana-Wesley Fofana-Wesley Fofana-Levi Colwill-Levi Colwill,3955639,Chelsea,Lost,0,2,First half,1.2824938269778166,0.7717698711777349
Pass-Ball Receipt-Carry-Pass-Ball Receipt-Carry-Pass-Ball Receipt-Carry-Pass,Levi Colwill-Marc Cucurella Saseta-Marc Cucurella Saseta-Marc Cucurella Saseta-Christopher Nkunku-Christopher Nkunku-Christopher Nkunku-Marc Cucurella Saseta-Marc Cucurella Saseta-Marc Cucurella Saseta,3955639,Chelsea,Lost,0,2,First half,1.2824938269778166,0.7717698711777349
Ball Receipt-Carry-Pass-Ball Receipt-Carry,Levi Colwill-Levi Colwill-Levi Colwill-Robert Lynch Sanchez-Robert Lynch Sanchez,3955639,Chelsea,Lost,0,2,First half,1.2824938269778166,0.7717698711777349
Pass,Robert Lynch Sanchez,3955639,Chelsea,Lost,0,2,First half,1.2824938269778166,0.7717698711777349
Ball Receipt-Pass,Moisés Isaac Caicedo Corozo-Moisés Isaac Caicedo Corozo,3955639,Chelsea,Lost,0,2,First half,1.2824938269778166,0.7717698711777349
Ball Receipt-Carry-Pass-Ball Receipt-Carry-Pass-Ball Receipt-Carry-Pass-Ball Receipt-Carry-Pass-Ball Receipt-Carry-Pass-Ball Receipt-Carry-Pass-Ball Receipt-Carry-Pass-Ball Receipt-Carry-Pass-Ball Receipt-Carry-Pass-Ball Receipt-Carry-Pass-Ball Receipt-Carry-Pass-Ball Receipt-Carry-Pass-Ball Receipt-Carry,Levi Colwill-Levi Colwill-Levi Colwill-Marc Cucurella Saseta-Marc Cucurella Saseta-Marc Cucurella Saseta-Christopher Nkunku-Christopher Nkunku-Christopher Nkunku-Roméo Lavia-Roméo Lavia-Roméo Lavia-Wesley Fofana-Wesley Fofana-Wesley Fofana-Malo Gusto-Malo Gusto-Malo Gusto-Roméo Lavia-Roméo Lavia-Roméo Lavia-Marc Cucurella Saseta-Marc Cucurella Saseta-Marc Cucurella Saseta-Enzo Fernandez-Enzo Fernandez-Enzo Fernandez-Marc Cucurella Saseta-Marc Cucurella Saseta-Marc Cucurella Saseta-Christopher Nkunku-Christopher Nkunku-Christopher Nkunku-Roméo Lavia-Roméo Lavia-Roméo Lavia-Wesley Fofana-Wesley Fofana,3955639,Chelsea,Lost,0,2,First half,1.2824938269778166,0.7717698711777349
Pass-Ball Receipt-Carry,Wesley Fofana-Moisés Isaac Caicedo Corozo-Moisés Isaac Caicedo Corozo,3955639,Chelsea,Lost,0,2,First half,1.2824938269778166,0.7717698711777349
Pass-Ball Receipt-Carry-Pass-Ball Receipt-Carry-Pass-Ball Receipt-Carry-Pass-Ball Receipt-Carry-Pass-Ball Receipt-Carry-Pass-Ball Receipt,Moisés Isaac Caicedo Corozo-Wesley Fofana-Wesley Fofana-Wesley Fofana-Levi Colwill-Levi Colwill-Levi Colwill-Wesley Fofana-Wesley Fofana-Wesley Fofana-Malo Gusto-Malo Gusto-Malo Gusto-Moisés Isaac Caicedo Corozo-Moisés Isaac Caicedo Corozo-Moisés Isaac Caicedo Corozo-Nicolas Jackson,3955639,Chelsea,Lost,0,2,First half,1.2824938269778166,0.7717698711777349
Pressure-Foul Committed,Malo Gusto-Malo Gusto,3955639,Chelsea,Lost,0,2,First half,1.2824938269778166,0.7717698711777349
Pressure,Nicolas Jackson,3955639,Chelsea,Lost,0,2,First half,1.2824938269778166,0.7717698711777349
Pressure,Christopher Nkunku,3955639,Chelsea,Lost,0,2,First half,1.2824938269778166,0.7717698711777349
Block-Pressure,Christopher Nkunku-Christopher Nkunku,3955639,Chelsea,Lost,0,2,First half,1.2824938269778166,0.7717698711777349
Foul Committed,Christopher Nkunku,3955639,Chelsea,Lost,0,2,First half,1.2824938269778166,0.7717698711777349
Pressure,Enzo Fernandez,3955639,Chelsea,Lost,0,2,First half,1.2824938269778166,0.7717698711777349
Duel,Enzo Fernandez,3955639,Chelsea,Lost,0,2,First half,1.2824938269778166,0.7717698711777349
Ball Recovery,Cole Palmer,3955639,Chelsea,Lost,0,2,First half,1.2824938269778166,0.7717698711777349
50/50-Carry,Cole Palmer-Cole Palmer,3955639,Chelsea,Lost,0,2,First half,1.2824938269778166,0.7717698711777349
Pass,Cole Palmer,3955639,Chelsea,Lost,0,2,First half,1.2824938269778166,0.7717698711777349
Ball Receipt-Carry-Pass-Ball Receipt-Carry-Pass,Moisés Isaac Caicedo Corozo-Moisés Isaac Caicedo Corozo-Moisés Isaac Caicedo Corozo-Wesley Fofana-Wesley Fofana-Wesley Fofana,3955639,Chelsea,Lost,0,2,First half,1.2824938269778166,0.7717698711777349
Ball Receipt-Carry-Pass-Ball Receipt-Carry-Pass-Ball Receipt-Pass-Ball Receipt-Carry-Pass-Ball Receipt-Carry,Levi Colwill-Levi Colwill-Levi Colwill-Wesley Fofana-Wesley Fofana-Wesley Fofana-Moisés Isaac Caicedo Corozo-Moisés Isaac Caicedo Corozo-Wesley Fofana-Wesley Fofana-Wesley Fofana-Roméo Lavia-Roméo Lavia,3955639,Chelsea,Lost,0,2,First half,1.2824938269778166,0.7717698711777349
Pass-Ball Receipt-Carry-Pass-Ball Receipt-Carry-Pass-Ball Receipt-Carry,Roméo Lavia-Wesley Fofana-Wesley Fofana-Wesley Fofana-Christopher Nkunku-Christopher Nkunku-Christopher Nkunku-Enzo Fernandez-Enzo Fernandez,3955639,Chelsea,Lost,0,2,First half,1.2824938269778166,0.7717698711777349
Pass,Enzo Fernandez,3955639,Chelsea,Lost,0,2,First half,1.2824938269778166,0.7717698711777349
Foul Won-Ball Receipt-Carry-Pass-Ball Receipt-Carry-Pass-Ball Receipt-Carry-Pass-Ball Receipt-Carry-Pass-Ball Receipt-Carry-Pass-Ball Receipt-Carry-Pass-Ball Receipt-Carry-Pass-Ball Receipt-Carry,Enzo Fernandez-Roméo Lavia-Roméo Lavia-Roméo Lavia-Wesley Fofana-Wesley Fofana-Wesley Fofana-Malo Gusto-Malo Gusto-Malo Gusto-Wesley Fofana-Wesley Fofana-Wesley Fofana-Levi Colwill-Levi Colwill-Levi Colwill-Marc Cucurella Saseta-Marc Cucurella Saseta-Marc Cucurella Saseta-Christopher Nkunku-Christopher Nkunku-Christopher Nkunku-Roméo Lavia-Roméo Lavia,3955639,Chelsea,Lost,0,2,First half,1.2824938269778166,0.7717698711777349
Pass-Ball Receipt-Carry-Pass-Ball Receipt-Carry,Roméo Lavia-Wesley Fofana-Wesley Fofana-Wesley Fofana-Cole Palmer-Cole Palmer,3955639,Chelsea,Lost,0,2,First half,1.2824938269778166,0.7717698711777349
Pass-Ball Receipt-Carry-Pass-Ball Receipt-Carry-Pass-Ball Receipt,Cole Palmer-Wesley Fofana-Wesley Fofana-Wesley Fofana-Cole Palmer-Cole Palmer-Cole Palmer-Christopher Nkunku,3955639,Chelsea,Lost,0,2,First half,1.2824938269778166,0.7717698711777349
Interception-Carry-Pass-Ball Receipt-Carry-Pass-Ball Receipt-Carry-Pass-Ball Receipt-Carry-Pass-Ball Receipt-Carry,Marc Cucurella Saseta-Marc Cucurella Saseta-Marc Cucurella Saseta-Christopher Nkunku-Christopher Nkunku-Christopher Nkunku-Marc Cucurella Saseta-Marc Cucurella Saseta-Marc Cucurella Saseta-Roméo Lavia-Roméo Lavia-Roméo Lavia-Cole Palmer-Cole Palmer,3955639,Chelsea,Lost,0,2,First half,1.2824938269778166,0.7717698711777349
Dispossessed,Cole Palmer,3955639,Chelsea,Lost,0,2,First half,1.2824938269778166,0.7717698711777349
50/50,Cole Palmer,3955639,Chelsea,Lost,0,2,First half,1.2824938269778166,0.7717698711777349
Pressure,Roméo Lavia,3955639,Chelsea,Lost,0,2,First half,1.2824938269778166,0.7717698711777349
Interception,Moisés Isaac Caicedo Corozo,3955639,Chelsea,Lost,0,2,First half,1.2824938269778166,0.7717698711777349
Ball Recovery-Carry-Pass,Enzo Fernandez-Enzo Fernandez-Enzo Fernandez,3955639,Chelsea,Lost,0,2,First half,1.2824938269778166,0.7717698711777349
Ball Receipt-Carry,Roméo Lavia-Roméo Lavia,3955639,Chelsea,Lost,0,2,First half,1.2824938269778166,0.7717698711777349
Pass-Ball Receipt-Carry,Roméo Lavia-Moisés Isaac Caicedo Corozo-Moisés Isaac Caicedo Corozo,3955639,Chelsea,Lost,0,2,First half,1.2824938269778166,0.7717698711777349
Pass-Ball Receipt-Carry,Moisés Isaac Caicedo Corozo-Marc Cucurella Saseta-Marc Cucurella Saseta,3955639,Chelsea,Lost,0,2,First half,1.2824938269778166,0.7717698711777349
Pass-Ball Receipt-Carry-Pass-Ball Receipt-Carry-Pass-Ball Receipt-Carry-Pass,Marc Cucurella Saseta-Levi Colwill-Levi Colwill-Levi Colwill-Wesley Fofana-Wesley Fofana-Wesley Fofana-Roméo Lavia-Roméo Lavia-Roméo Lavia,3955639,Chelsea,Lost,0,2,First half,1.2824938269778166,0.7717698711777349
Ball Receipt-Carry-Pass-Ball Receipt-Carry-Pass-Ball Receipt-Carry-Pass-Ball Receipt-Carry-Pass-Ball Receipt-Carry-Pass-Ball Receipt-Carry-Pass-Ball Receipt-Carry,Enzo Fernandez-Enzo Fernandez-Enzo Fernandez-Christopher Nkunku-Christopher Nkunku-Christopher Nkunku-Malo Gusto-Malo Gusto-Malo Gusto-Moisés Isaac Caicedo Corozo-Moisés Isaac Caicedo Corozo-Moisés Isaac Caicedo Corozo-Cole Palmer-Cole Palmer-Cole Palmer-Christopher Nkunku-Christopher Nkunku-Christopher Nkunku-Marc Cucurella Saseta-Marc Cucurella Saseta,3955639,Chelsea,Lost,0,2,First half,1.2824938269778166,0.7717698711777349
Pass-Ball Receipt-Carry-Pass-Ball Receipt-Carry-Pass,Marc Cucurella Saseta-Levi Colwill-Levi Colwill-Levi Colwill-Cole Palmer-Cole Palmer-Cole Palmer,3955639,Chelsea,Lost,0,2,First half,1.2824938269778166,0.7717698711777349
Pressure,Malo Gusto,3955639,Chelsea,Lost,0,2,First half,1.2824938269778166,0.7717698711777349
Pressure,Moisés Isaac Caicedo Corozo,3955639,Chelsea,Lost,0,2,First half,1.2824938269778166,0.7717698711777349
Clearance-Ball Recovery-Carry,Levi Colwill-Enzo Fernandez-Enzo Fernandez,3955639,Chelsea,Lost,0,2,First half,1.2824938269778166,0.7717698711777349
Pass-Ball Receipt-Carry,Enzo Fernandez-Christopher Nkunku-Christopher Nkunku,3955639,Chelsea,Lost,0,2,First half,1.2824938269778166,0.7717698711777349
Pass-Ball Receipt,Christopher Nkunku-Nicolas Jackson,3955639,Chelsea,Lost,0,2,First half,1.2824938269778166,0.7717698711777349
Pass-Ball Receipt,Marc Cucurella Saseta-Nicolas Jackson,3955639,Chelsea,Lost,0,2,First half,1.2824938269778166,0.7717698711777349
Pass,Marc Cucurella Saseta,3955639,Chelsea,Lost,0,2,First half,1.2824938269778166,0.7717698711777349
Ball Receipt-Carry-Pass-Ball Receipt,Nicolas Jackson-Nicolas Jackson-Nicolas Jackson-Christopher Nkunku,3955639,Chelsea,Lost,0,2,First half,1.2824938269778166,0.7717698711777349
Pressure,Marc Cucurella Saseta,3955639,Chelsea,Lost,0,2,First half,1.2824938269778166,0.7717698711777349
Pressure,Nicolas Jackson,3955639,Chelsea,Lost,0,2,First half,1.2824938269778166,0.7717698711777349
Ball Recovery-Carry-Pass-Ball Receipt-Carry-Pass-Ball Receipt-Carry-Pass-Ball Receipt-Carry-Pass-Ball Receipt-Carry,Robert Lynch Sanchez-Robert Lynch Sanchez-Robert Lynch Sanchez-Wesley Fofana-Wesley Fofana-Wesley Fofana-Robert Lynch Sanchez-Robert Lynch Sanchez-Robert Lynch Sanchez-Roméo Lavia-Roméo Lavia-Roméo Lavia-Malo Gusto-Malo Gusto,3955639,Chelsea,Lost,0,2,First half,1.2824938269778166,0.7717698711777349
Pass-Ball Receipt-Carry-Pass-Ball Receipt-Carry-Pass-Ball Receipt-Carry-Pass-Ball Receipt-Carry-Pass-Ball Receipt-Carry-Pass-Ball Receipt-Carry-Pass-Ball Receipt-Carry,Malo Gusto-Wesley Fofana-Wesley Fofana-Wesley Fofana-Robert Lynch Sanchez-Robert Lynch Sanchez-Robert Lynch Sanchez-Levi Colwill-Levi Colwill-Levi Colwill-Wesley Fofana-Wesley Fofana-Wesley Fofana-Malo Gusto-Malo Gusto-Malo Gusto-Wesley Fofana-Wesley Fofana-Wesley Fofana-Levi Colwill-Levi Colwill,3955639,Chelsea,Lost,0,2,First half,1.2824938269778166,0.7717698711777349
Pass-Ball Receipt-Carry-Pass-Ball Receipt-Carry,Levi Colwill-Marc Cucurella Saseta-Marc Cucurella Saseta-Marc Cucurella Saseta-Christopher Nkunku-Christopher Nkunku,3955639,Chelsea,Lost,0,2,First half,1.2824938269778166,0.7717698711777349
Pass-Ball Receipt-Carry-Pass-Ball Receipt-Carry-Pass,Christopher Nkunku-Marc Cucurella Saseta-Marc Cucurella Saseta-Marc Cucurella Saseta-Robert Lynch Sanchez-Robert Lynch Sanchez-Robert Lynch Sanchez,3955639,Chelsea,Lost,0,2,First half,1.2824938269778166,0.7717698711777349
Ball Receipt-Carry-Dribble-Carry,Roméo Lavia-Roméo Lavia-Roméo Lavia-Roméo Lavia,3955639,Chelsea,Lost,0,2,First half,1.2824938269778166,0.7717698711777349
Pass-Ball Receipt-Carry-Pass-Ball Receipt-Carry-Pass,Roméo Lavia-Cole Palmer-Cole Palmer-Cole Palmer-Malo Gusto-Malo Gusto-Malo Gusto,3955639,Chelsea,Lost,0,2,First half,1.2824938269778166,0.7717698711777349
Ball Receipt-Carry-Miscontrol-Pressure,Enzo Fernandez-Enzo Fernandez-Enzo Fernandez-Nicolas Jackson,3955639,Chelsea,Lost,0,2,First half,1.2824938269778166,0.7717698711777349
Pass-Ball Receipt-Pass-Ball Receipt-Carry,Malo Gusto-Moisés Isaac Caicedo Corozo-Moisés Isaac Caicedo Corozo-Malo Gusto-Malo Gusto,3955639,Chelsea,Lost,0,2,First half,1.2824938269778166,0.7717698711777349
Pass-Ball Receipt-Carry-Pass-Ball Receipt-Carry-Pass-Ball Receipt-Carry-Pass-Ball Receipt-Carry-Pass-Ball Receipt-Carry-Pass-Ball Receipt-Carry-Pass-Ball Receipt,Malo Gusto-Wesley Fofana-Wesley Fofana-Wesley Fofana-Robert Lynch Sanchez-Robert Lynch Sanchez-Robert Lynch Sanchez-Levi Colwill-Levi Colwill-Levi Colwill-Marc Cucurella Saseta-Marc Cucurella Saseta-Marc Cucurella Saseta-Enzo Fernandez-Enzo Fernandez-Enzo Fernandez-Nicolas Jackson-Nicolas Jackson-Nicolas Jackson-Christopher Nkunku,3955639,Chelsea,Lost,0,2,First half,1.2824938269778166,0.7717698711777349
Pressure,Nicolas Jackson,3955639,Chelsea,Lost,0,2,First half,1.2824938269778166,0.7717698711777349
Pressure,Enzo Fernandez,3955639,Chelsea,Lost,0,2,First half,1.2824938269778166,0.7717698711777349
Pressure,Enzo Fernandez,3955639,Chelsea,Lost,0,2,First half,1.2824938269778166,0.7717698711777349
Pressure,Enzo Fernandez,3955639,Chelsea,Lost,0,2,First half,1.2824938269778166,0.7717698711777349
Pressure,Marc Cucurella Saseta,3955639,Chelsea,Lost,0,2,First half,1.2824938269778166,0.7717698711777349
Ball Recovery-Carry-Pass-Ball Receipt-Carry-Pass,Christopher Nkunku-Christopher Nkunku-Christopher Nkunku-Marc Cucurella Saseta-Marc Cucurella Saseta-Marc Cucurella Saseta,3955639,Chelsea,Lost,0,2,First half,1.2824938269778166,0.7717698711777349
Pass-Ball Receipt-Carry,Roméo Lavia-Moisés Isaac Caicedo Corozo-Moisés Isaac Caicedo Corozo,3955639,Chelsea,Lost,0,2,First half,1.2824938269778166,0.7717698711777349
Pass-Ball Receipt-Carry-Miscontrol,Moisés Isaac Caicedo Corozo-Cole Palmer-Cole Palmer-Cole Palmer,3955639,Chelsea,Lost,0,2,First half,1.2824938269778166,0.7717698711777349
Pressure,Moisés Isaac Caicedo Corozo,3955639,Chelsea,Lost,0,2,First half,1.2824938269778166,0.7717698711777349
Dribbled Past-Pressure,Moisés Isaac Caicedo Corozo-Roméo Lavia,3955639,Chelsea,Lost,0,2,First half,1.2824938269778166,0.7717698711777349
Duel,Roméo Lavia,3955639,Chelsea,Lost,0,2,First half,1.2824938269778166,0.7717698711777349
Ball Recovery-Carry-Pass-Ball Receipt-Carry,Moisés Isaac Caicedo Corozo-Moisés Isaac Caicedo Corozo-Moisés Isaac Caicedo Corozo-Enzo Fernandez-Enzo Fernandez,3955639,Chelsea,Lost,0,2,First half,1.2824938269778166,0.7717698711777349
Pass-Ball Receipt,Enzo Fernandez-Nicolas Jackson,3955639,Chelsea,Lost,0,2,First half,1.2824938269778166,0.7717698711777349
Pressure,Marc Cucurella Saseta,3955639,Chelsea,Lost,0,2,First half,1.2824938269778166,0.7717698711777349
Dribbled Past,Marc Cucurella Saseta,3955639,Chelsea,Lost,0,2,First half,1.2824938269778166,0.7717698711777349
Block-Goal Keeper-Ball Recovery-Carry,Marc Cucurella Saseta-Robert Lynch Sanchez-Cole Palmer-Cole Palmer,3955639,Chelsea,Lost,0,2,First half,1.2824938269778166,0.7717698711777349
Pass-Ball Receipt-Carry,Cole Palmer-Moisés Isaac Caicedo Corozo-Moisés Isaac Caicedo Corozo,3955639,Chelsea,Lost,0,2,First half,1.2824938269778166,0.7717698711777349
Pass-Ball Receipt,Moisés Isaac Caicedo Corozo-Nicolas Jackson,3955639,Chelsea,Lost,0,2,First half,1.2824938269778166,0.7717698711777349
Pressure,Enzo Fernandez,3955639,Chelsea,Lost,0,2,First half,1.2824938269778166,0.7717698711777349
Pressure,Roméo Lavia,3955639,Chelsea,Lost,0,2,First half,1.2824938269778166,0.7717698711777349
Dribbled Past-Pressure-Pressure,Roméo Lavia-Christopher Nkunku-Marc Cucurella Saseta,3955639,Chelsea,Lost,0,2,First half,1.2824938269778166,0.7717698711777349
Dribbled Past,Marc Cucurella Saseta,3955639,Chelsea,Lost,0,2,First half,1.2824938269778166,0.7717698711777349
Pressure,Nicolas Jackson,3955639,Chelsea,Lost,0,2,First half,1.2824938269778166,0.7717698711777349
Interception-Carry,Christopher Nkunku-Christopher Nkunku,3955639,Chelsea,Lost,0,2,First half,1.2824938269778166,0.7717698711777349
Pass-Ball Receipt-Carry,Christopher Nkunku-Roméo Lavia-Roméo Lavia,3955639,Chelsea,Lost,0,2,First half,1.2824938269778166,0.7717698711777349
Pass,Roméo Lavia,3955639,Chelsea,Lost,0,2,First half,1.2824938269778166,0.7717698711777349
Ball Receipt-Carry,Enzo Fernandez-Enzo Fernandez,3955639,Chelsea,Lost,0,2,First half,1.2824938269778166,0.7717698711777349
Foul Won-Pass-Ball Receipt-Pass-Ball Receipt,Enzo Fernandez-Roméo Lavia-Malo Gusto-Malo Gusto-Cole Palmer,3955639,Chelsea,Lost,0,2,First half,1.2824938269778166,0.7717698711777349
Pressure,Moisés Isaac Caicedo Corozo,3955639,Chelsea,Lost,0,2,First half,1.2824938269778166,0.7717698711777349
Block-Goal Keeper,Wesley Fofana-Robert Lynch Sanchez,3955639,Chelsea,Lost,0,2,First half,1.2824938269778166,0.7717698711777349
Clearance,Levi Colwill,3955639,Chelsea,Lost,0,2,First half,1.2824938269778166,0.7717698711777349
Block-Goal Keeper-Ball Recovery-Carry-Dispossessed,Wesley Fofana-Robert Lynch Sanchez-Cole Palmer-Cole Palmer-Cole Palmer,3955639,Chelsea,Lost,0,2,First half,1.2824938269778166,0.7717698711777349
Ball Recovery-Carry-Pass-Ball Receipt-Pass,Cole Palmer-Cole Palmer-Cole Palmer-Enzo Fernandez-Enzo Fernandez,3955639,Chelsea,Lost,0,2,First half,1.2824938269778166,0.7717698711777349
Pressure,Enzo Fernandez,3955639,Chelsea,Lost,0,2,First half,1.2824938269778166,0.7717698711777349
Duel-Ball Recovery-Carry,Enzo Fernandez-Marc Cucurella Saseta-Marc Cucurella Saseta,3955639,Chelsea,Lost,0,2,First half,1.2824938269778166,0.7717698711777349
Foul Won-Pass-Ball Receipt-Carry-Pass-Ball Receipt-Carry,Marc Cucurella Saseta-Marc Cucurella Saseta-Moisés Isaac Caicedo Corozo-Moisés Isaac Caicedo Corozo-Moisés Isaac Caicedo Corozo-Christopher Nkunku-Christopher Nkunku,3955639,Chelsea,Lost,0,2,First half,1.2824938269778166,0.7717698711777349
Pass-Ball Receipt-Carry,Christopher Nkunku-Moisés Isaac Caicedo Corozo-Moisés Isaac Caicedo Corozo,3955639,Chelsea,Lost,0,2,First half,1.2824938269778166,0.7717698711777349
Pass-Ball Receipt-Carry-Pass-Ball Receipt-Carry,Moisés Isaac Caicedo Corozo-Wesley Fofana-Wesley Fofana-Wesley Fofana-Cole Palmer-Cole Palmer,3955639,Chelsea,Lost,0,2,First half,1.2824938269778166,0.7717698711777349
Pass-Ball Receipt-Pass,Cole Palmer-Christopher Nkunku-Christopher Nkunku,3955639,Chelsea,Lost,0,2,First half,1.2824938269778166,0.7717698711777349
Ball Receipt-Pass-Ball Receipt-Shot,Nicolas Jackson-Nicolas Jackson-Enzo Fernandez-Enzo Fernandez,3955639,Chelsea,Lost,0,2,First half,1.2824938269778166,0.7717698711777349
Pass-Ball Receipt-Duel,Enzo Fernandez-Wesley Fofana-Wesley Fofana,3955639,Chelsea,Lost,0,2,First half,1.2824938269778166,0.7717698711777349
50/50,Cole Palmer,3955639,Chelsea,Lost,0,2,First half,1.2824938269778166,0.7717698711777349
Pressure,Cole Palmer,3955639,Chelsea,Lost,0,2,First half,1.2824938269778166,0.7717698711777349
Block-Pressure-Foul Committed,Moisés Isaac Caicedo Corozo-Moisés Isaac Caicedo Corozo-Moisés Isaac Caicedo Corozo,3955639,Chelsea,Lost,0,2,First half,1.2824938269778166,0.7717698711777349
Pressure,Wesley Fofana,3955639,Chelsea,Lost,0,2,First half,1.2824938269778166,0.7717698711777349
Goal Keeper-Clearance,Robert Lynch Sanchez-Wesley Fofana,3955639,Chelsea,Lost,0,2,First half,1.2824938269778166,0.7717698711777349
Pressure,Cole Palmer,3955639,Chelsea,Lost,0,2,First half,1.2824938269778166,0.7717698711777349
Pressure,Moisés Isaac Caicedo Corozo,3955639,Chelsea,Lost,0,2,First half,1.2824938269778166,0.7717698711777349
Pass-Ball Receipt-Pass,Malo Gusto-Moisés Isaac Caicedo Corozo-Moisés Isaac Caicedo Corozo,3955639,Chelsea,Lost,0,2,First half,1.2824938269778166,0.7717698711777349
Pressure,Enzo Fernandez,3955639,Chelsea,Lost,0,2,First half,1.2824938269778166,0.7717698711777349
Pressure,Enzo Fernandez,3955639,Chelsea,Lost,0,2,First half,1.2824938269778166,0.7717698711777349
Pressure,Cole Palmer,3955639,Chelsea,Lost,0,2,First half,1.2824938269778166,0.7717698711777349
Pressure,Christopher Nkunku,3955639,Chelsea,Lost,0,2,First half,1.2824938269778166,0.7717698711777349
Pressure,Nicolas Jackson,3955639,Chelsea,Lost,0,2,First half,1.2824938269778166,0.7717698711777349
Pressure,Christopher Nkunku,3955639,Chelsea,Lost,0,2,First half,1.2824938269778166,0.7717698711777349
Pressure,Enzo Fernandez,3955639,Chelsea,Lost,0,2,First half,1.2824938269778166,0.7717698711777349
Pressure,Roméo Lavia,3955639,Chelsea,Lost,0,2,First half,1.2824938269778166,0.7717698711777349
Duel,Roméo Lavia,3955639,Chelsea,Lost,0,2,First half,1.2824938269778166,0.7717698711777349
Pressure,Enzo Fernandez,3955639,Chelsea,Lost,0,2,First half,1.2824938269778166,0.7717698711777349
Pressure,Christopher Nkunku,3955639,Chelsea,Lost,0,2,First half,1.2824938269778166,0.7717698711777349
Duel-Ball Recovery-Carry,Christopher Nkunku-Nicolas Jackson-Nicolas Jackson,3955639,Chelsea,Lost,0,2,First half,1.2824938269778166,0.7717698711777349
Pass-Ball Receipt-Carry-Pass-Ball Receipt-Carry-Shot,Nicolas Jackson-Christopher Nkunku-Christopher Nkunku-Christopher Nkunku-Cole Palmer-Cole Palmer-Cole Palmer,3955639,Chelsea,Lost,0,2,First half,1.2824938269778166,0.7717698711777349
Offside,Nicolas Jackson,3955639,Chelsea,Lost,0,2,First half,1.2824938269778166,0.7717698711777349
Pressure,Christopher Nkunku,3955639,Chelsea,Lost,0,2,First half,1.2824938269778166,0.7717698711777349
Pressure,Nicolas Jackson,3955639,Chelsea,Lost,0,2,First half,1.2824938269778166,0.7717698711777349
Pass-Ball Receipt-Carry,Marc Cucurella Saseta-Roméo Lavia-Roméo Lavia,3955639,Chelsea,Lost,0,2,First half,1.2824938269778166,0.7717698711777349
Dribble-Carry,Roméo Lavia-Roméo Lavia,3955639,Chelsea,Lost,0,2,First half,1.2824938269778166,0.7717698711777349
Ball Recovery-Carry-Pass-Ball Receipt-Carry-Pass-Ball Receipt-Carry-Pass-Ball Receipt-Carry-Pass-Ball Receipt-Carry-Pass-Ball Receipt-Carry-Pass-Ball Receipt-Carry-Pass-Ball Receipt-Carry-Pass-Ball Receipt-Carry-Pass-Ball Receipt-Carry-Pass-Ball Receipt-Carry-Pass-Ball Receipt-Carry-Pass-Ball Receipt-Carry-Pass-Ball Receipt-Carry,Roméo Lavia-Roméo Lavia-Roméo Lavia-Nicolas Jackson-Nicolas Jackson-Nicolas Jackson-Christopher Nkunku-Christopher Nkunku-Christopher Nkunku-Marc Cucurella Saseta-Marc Cucurella Saseta-Marc Cucurella Saseta-Roméo Lavia-Roméo Lavia-Roméo Lavia-Wesley Fofana-Wesley Fofana-Wesley Fofana-Roméo Lavia-Roméo Lavia-Roméo Lavia-Christopher Nkunku-Christopher Nkunku-Christopher Nkunku-Roméo Lavia-Roméo Lavia-Roméo Lavia-Malo Gusto-Malo Gusto-Malo Gusto-Moisés Isaac Caicedo Corozo-Moisés Isaac Caicedo Corozo-Moisés Isaac Caicedo Corozo-Cole Palmer-Cole Palmer-Cole Palmer-Levi Colwill-Levi Colwill-Levi Colwill-Christopher Nkunku-Christopher Nkunku,3955639,Chelsea,Lost,0,2,First half,1.2824938269778166,0.7717698711777349
Pass-Ball Receipt-Carry-Pass-Ball Receipt-Carry-Pass-Ball Receipt-Carry-Pass-Ball Receipt-Carry,Christopher Nkunku-Marc Cucurella Saseta-Marc Cucurella Saseta-Marc Cucurella Saseta-Levi Colwill-Levi Colwill-Levi Colwill-Wesley Fofana-Wesley Fofana-Wesley Fofana-Levi Colwill-Levi Colwill,3955639,Chelsea,Lost,0,2,First half,1.2824938269778166,0.7717698711777349
Pass-Ball Receipt-Carry-Pass,Levi Colwill-Marc Cucurella Saseta-Marc Cucurella Saseta-Marc Cucurella Saseta,3955639,Chelsea,Lost,0,2,First half,1.2824938269778166,0.7717698711777349
Ball Receipt-Pass-Ball Receipt-Carry,Christopher Nkunku-Christopher Nkunku-Nicolas Jackson-Nicolas Jackson,3955639,Chelsea,Lost,0,2,First half,1.2824938269778166,0.7717698711777349
Pass-Ball Receipt-Carry,Nicolas Jackson-Christopher Nkunku-Christopher Nkunku,3955639,Chelsea,Lost,0,2,First half,1.2824938269778166,0.7717698711777349
Dispossessed,Christopher Nkunku,3955639,Chelsea,Lost,0,2,First half,1.2824938269778166,0.7717698711777349
Pressure-Foul Committed,Nicolas Jackson-Nicolas Jackson,3955639,Chelsea,Lost,0,2,First half,1.2824938269778166,0.7717698711777349
Pressure,Cole Palmer,3955639,Chelsea,Lost,0,2,First half,1.2824938269778166,0.7717698711777349
Pressure,Malo Gusto,3955639,Chelsea,Lost,0,2,First half,1.2824938269778166,0.7717698711777349
Dribbled Past,Malo Gusto,3955639,Chelsea,Lost,0,2,First half,1.2824938269778166,0.7717698711777349
Interception-Ball Recovery-Carry-Pass,Roméo Lavia-Wesley Fofana-Wesley Fofana-Wesley Fofana,3955639,Chelsea,Lost,0,2,First half,1.2824938269778166,0.7717698711777349
Ball Receipt-Miscontrol,Nicolas Jackson-Nicolas Jackson,3955639,Chelsea,Lost,0,2,First half,1.2824938269778166,0.7717698711777349
Pressure,Nicolas Jackson,3955639,Chelsea,Lost,0,2,First half,1.2824938269778166,0.7717698711777349
Duel-Pass-Ball Receipt-Carry-Pass-Ball Receipt-Carry-Pass,Malo Gusto-Moisés Isaac Caicedo Corozo-Cole Palmer-Cole Palmer-Cole Palmer-Roméo Lavia-Roméo Lavia-Roméo Lavia,3955639,Chelsea,Lost,0,2,First half,1.2824938269778166,0.7717698711777349
Ball Receipt-Pass-Ball Receipt-Carry-Pass-Ball Receipt-Carry-Pass-Ball Receipt-Carry-Miscontrol,Enzo Fernandez-Enzo Fernandez-Roméo Lavia-Roméo Lavia-Roméo Lavia-Cole Palmer-Cole Palmer-Cole Palmer-Enzo Fernandez-Enzo Fernandez-Enzo Fernandez,3955639,Chelsea,Lost,0,2,First half,1.2824938269778166,0.7717698711777349
50/50-Carry-Miscontrol,Enzo Fernandez-Enzo Fernandez-Enzo Fernandez,3955639,Chelsea,Lost,0,2,First half,1.2824938269778166,0.7717698711777349
Injury Stoppage-Player Off,Enzo Fernandez-Enzo Fernandez,3955639,Chelsea,Lost,0,2,First half,1.2824938269778166,0.7717698711777349
Ball Recovery-Carry-Dispossessed,Malo Gusto-Malo Gusto-Malo Gusto,3955639,Chelsea,Lost,0,2,First half,1.2824938269778166,0.7717698711777349
Pass-Ball Receipt-Carry-Pass,Malo Gusto-Cole Palmer-Cole Palmer-Cole Palmer,3955639,Chelsea,Lost,0,2,First half,1.2824938269778166,0.7717698711777349
Ball Receipt-Carry-Pass-Ball Receipt-Carry-Shot,Nicolas Jackson-Nicolas Jackson-Nicolas Jackson-Christopher Nkunku-Christopher Nkunku-Christopher Nkunku,3955639,Chelsea,Lost,0,2,First half,1.2824938269778166,0.7717698711777349
Ball Recovery-Carry-Dribble,Christopher Nkunku-Christopher Nkunku-Christopher Nkunku,3955639,Chelsea,Lost,0,2,First half,1.2824938269778166,0.7717698711777349
Pass,Marc Cucurella Saseta,3955639,Chelsea,Lost,0,2,First half,1.2824938269778166,0.7717698711777349
Player On-Ball Recovery-Carry-Pass-Ball Receipt-Carry-Pass-Ball Receipt-Carry-Pass-Ball Receipt-Carry-Pass-Ball Receipt-Carry-Pass-Ball Receipt-Carry-Pass-Ball Receipt-Carry-Pass-Ball Receipt-Carry-Pass-Ball Receipt,Enzo Fernandez-Roméo Lavia-Roméo Lavia-Roméo Lavia-Marc Cucurella Saseta-Marc Cucurella Saseta-Marc Cucurella Saseta-Moisés Isaac Caicedo Corozo-Moisés Isaac Caicedo Corozo-Moisés Isaac Caicedo Corozo-Roméo Lavia-Roméo Lavia-Roméo Lavia-Marc Cucurella Saseta-Marc Cucurella Saseta-Marc Cucurella Saseta-Levi Colwill-Levi Colwill-Levi Colwill-Enzo Fernandez-Enzo Fernandez-Enzo Fernandez-Levi Colwill-Levi Colwill-Levi Colwill-Moisés Isaac Caicedo Corozo,3955639,Chelsea,Lost,0,2,First half,1.2824938269778166,0.7717698711777349
Pass-Ball Receipt-Carry-Pass,Nicolas Jackson-Marc Cucurella Saseta-Marc Cucurella Saseta-Marc Cucurella Saseta,3955639,Chelsea,Lost,0,2,First half,1.2824938269778166,0.7717698711777349
Pressure,Nicolas Jackson,3955639,Chelsea,Lost,0,2,First half,1.2824938269778166,0.7717698711777349
Pressure,Moisés Isaac Caicedo Corozo,3955639,Chelsea,Lost,0,2,First half,1.2824938269778166,0.7717698711777349
Pressure,Moisés Isaac Caicedo Corozo,3955639,Chelsea,Lost,0,2,First half,1.2824938269778166,0.7717698711777349
Ball Recovery-Carry-Pass-Ball Receipt,Roméo Lavia-Roméo Lavia-Roméo Lavia-Cole Palmer,3955639,Chelsea,Lost,0,2,First half,1.2824938269778166,0.7717698711777349
Pressure,Moisés Isaac Caicedo Corozo,3955639,Chelsea,Lost,0,2,First half,1.2824938269778166,0.7717698711777349
Pressure,Roméo Lavia,3955639,Chelsea,Lost,0,2,First half,1.2824938269778166,0.7717698711777349
Pressure,Levi Colwill,3955639,Chelsea,Lost,0,2,First half,1.2824938269778166,0.7717698711777349
Pressure,Enzo Fernandez,3955639,Chelsea,Lost,0,2,First half,1.2824938269778166,0.7717698711777349
Pressure,Moisés Isaac Caicedo Corozo,3955639,Chelsea,Lost,0,2,First half,1.2824938269778166,0.7717698711777349
Pass-Ball Receipt-Carry,Malo Gusto-Robert Lynch Sanchez-Robert Lynch Sanchez,3955639,Chelsea,Lost,0,2,First half,1.2824938269778166,0.7717698711777349
Pass-Ball Receipt,Robert Lynch Sanchez-Cole Palmer,3955639,Chelsea,Lost,0,2,First half,1.2824938269778166,0.7717698711777349
Shield,Marc Cucurella Saseta,3955639,Chelsea,Lost,0,2,First half,1.2824938269778166,0.7717698711777349
Pass,Marc Cucurella Saseta,3955639,Chelsea,Lost,0,2,First half,1.2824938269778166,0.7717698711777349
Pressure,Enzo Fernandez,3955639,Chelsea,Lost,0,2,First half,1.2824938269778166,0.7717698711777349
Pressure,Enzo Fernandez,3955639,Chelsea,Lost,0,2,First half,1.2824938269778166,0.7717698711777349
Pressure,Christopher Nkunku,3955639,Chelsea,Lost,0,2,First half,1.2824938269778166,0.7717698711777349
Pressure,Enzo Fernandez,3955639,Chelsea,Lost,0,2,First half,1.2824938269778166,0.7717698711777349
Pressure,Christopher Nkunku,3955639,Chelsea,Lost,0,2,First half,1.2824938269778166,0.7717698711777349
Pressure,Nicolas Jackson,3955639,Chelsea,Lost,0,2,First half,1.2824938269778166,0.7717698711777349
Pressure,Moisés Isaac Caicedo Corozo,3955639,Chelsea,Lost,0,2,First half,1.2824938269778166,0.7717698711777349
Dribbled Past-Pressure-Pressure,Moisés Isaac Caicedo Corozo-Christopher Nkunku-Moisés Isaac Caicedo Corozo,3955639,Chelsea,Lost,0,2,First half,1.2824938269778166,0.7717698711777349
Duel-Ball Recovery-Carry,Moisés Isaac Caicedo Corozo-Christopher Nkunku-Christopher Nkunku,3955639,Chelsea,Lost,0,2,First half,1.2824938269778166,0.7717698711777349
Pass,Christopher Nkunku,3955639,Chelsea,Lost,0,2,First half,1.2824938269778166,0.7717698711777349
Ball Receipt-Carry-Pass-Ball Receipt-Carry,Moisés Isaac Caicedo Corozo-Moisés Isaac Caicedo Corozo-Moisés Isaac Caicedo Corozo-Enzo Fernandez-Enzo Fernandez,3955639,Chelsea,Lost,0,2,First half,1.2824938269778166,0.7717698711777349
Pass-Ball Receipt,Enzo Fernandez-Roméo Lavia,3955639,Chelsea,Lost,0,2,First half,1.2824938269778166,0.7717698711777349
Pass-Ball Receipt-Carry-Pass-Ball Receipt-Carry-Pass-Ball Receipt-Carry-Pass-Ball Receipt-Carry-Miscontrol-Block-Pass,Moisés Isaac Caicedo Corozo-Roméo Lavia-Roméo Lavia-Roméo Lavia-Nicolas Jackson-Nicolas Jackson-Nicolas Jackson-Cole Palmer-Cole Palmer-Cole Palmer-Nicolas Jackson-Nicolas Jackson-Nicolas Jackson-Enzo Fernandez-Enzo Fernandez,3955639,Chelsea,Lost,0,2,First half,1.2824938269778166,0.7717698711777349
Clearance,Roméo Lavia,3955639,Chelsea,Lost,0,2,First half,1.2824938269778166,0.7717698711777349
Pass-Ball Receipt-Carry,Marc Cucurella Saseta-Christopher Nkunku-Christopher Nkunku,3955639,Chelsea,Lost,0,2,First half,1.2824938269778166,0.7717698711777349
Dispossessed,Christopher Nkunku,3955639,Chelsea,Lost,0,2,First half,1.2824938269778166,0.7717698711777349
Ball Recovery-Carry-Pass-Ball Receipt-Carry-Pass-Ball Receipt-Carry,Christopher Nkunku-Christopher Nkunku-Christopher Nkunku-Moisés Isaac Caicedo Corozo-Moisés Isaac Caicedo Corozo-Moisés Isaac Caicedo Corozo-Enzo Fernandez-Enzo Fernandez,3955639,Chelsea,Lost,0,2,First half,1.2824938269778166,0.7717698711777349
Foul Won-Pass-Ball Receipt-Carry-Pass-Ball Receipt-Carry,Enzo Fernandez-Levi Colwill-Wesley Fofana-Wesley Fofana-Wesley Fofana-Levi Colwill-Levi Colwill,3955639,Chelsea,Lost,0,2,First half,1.2824938269778166,0.7717698711777349
Pass-Ball Receipt-Carry-Pass-Ball Receipt-Carry-Pass-Ball Receipt-Carry-Pass-Ball Receipt-Carry-Pass-Ball Receipt-Carry-Pass-Ball Receipt-Carry-Pass-Ball Receipt-Carry-Pass-Ball Receipt-Carry-Pass-Ball Receipt-Pass,Levi Colwill-Enzo Fernandez-Enzo Fernandez-Enzo Fernandez-Christopher Nkunku-Christopher Nkunku-Christopher Nkunku-Moisés Isaac Caicedo Corozo-Moisés Isaac Caicedo Corozo-Moisés Isaac Caicedo Corozo-Marc Cucurella Saseta-Marc Cucurella Saseta-Marc Cucurella Saseta-Levi Colwill-Levi Colwill-Levi Colwill-Wesley Fofana-Wesley Fofana-Wesley Fofana-Cole Palmer-Cole Palmer-Cole Palmer-Levi Colwill-Levi Colwill-Levi Colwill-Malo Gusto-Malo Gusto,3955639,Chelsea,Lost,0,2,First half,1.2824938269778166,0.7717698711777349
Pressure,Malo Gusto,3955639,Chelsea,Lost,0,2,First half,1.2824938269778166,0.7717698711777349
Duel-Ball Recovery-Carry-Pass-Ball Receipt-Carry-Pass-Ball Receipt,Malo Gusto-Wesley Fofana-Wesley Fofana-Wesley Fofana-Moisés Isaac Caicedo Corozo-Moisés Isaac Caicedo Corozo-Moisés Isaac Caicedo Corozo-Nicolas Jackson,3955639,Chelsea,Lost,0,2,First half,1.2824938269778166,0.7717698711777349
Pressure,Marc Cucurella Saseta,3955639,Chelsea,Lost,0,2,First half,1.2824938269778166,0.7717698711777349
Pressure,Nicolas Jackson,3955639,Chelsea,Lost,0,2,First half,1.2824938269778166,0.7717698711777349
Pressure,Malo Gusto,3955639,Chelsea,Lost,0,2,First half,1.2824938269778166,0.7717698711777349
Dribbled Past,Malo Gusto,3955639,Chelsea,Lost,0,2,First half,1.2824938269778166,0.7717698711777349
Block,Roméo Lavia,3955639,Chelsea,Lost,0,2,First half,1.2824938269778166,0.7717698711777349
Pressure-Pressure-Pressure,Enzo Fernandez-Moisés Isaac Caicedo Corozo-Cole Palmer,3955639,Chelsea,Lost,0,2,First half,1.2824938269778166,0.7717698711777349
Pressure,Cole Palmer,3955639,Chelsea,Lost,0,2,First half,1.2824938269778166,0.7717698711777349
Pressure,Moisés Isaac Caicedo Corozo,3955639,Chelsea,Lost,0,2,First half,1.2824938269778166,0.7717698711777349
Interception,Roméo Lavia,3955639,Chelsea,Lost,0,2,First half,1.2824938269778166,0.7717698711777349
Goal Keeper,Robert Lynch Sanchez,3955639,Chelsea,Lost,0,2,First half,1.2824938269778166,0.7717698711777349
Pressure,Malo Gusto,3955639,Chelsea,Lost,0,2,First half,1.2824938269778166,0.7717698711777349
Pressure,Cole Palmer,3955639,Chelsea,Lost,0,2,First half,1.2824938269778166,0.7717698711777349
Pressure,Enzo Fernandez,3955639,Chelsea,Lost,0,2,First half,1.2824938269778166,0.7717698711777349
Pressure,Nicolas Jackson,3955639,Chelsea,Lost,0,2,First half,1.2824938269778166,0.7717698711777349
Pressure,Christopher Nkunku,3955639,Chelsea,Lost,0,2,First half,1.2824938269778166,0.7717698711777349
Pressure,Enzo Fernandez,3955639,Chelsea,Lost,0,2,First half,1.2824938269778166,0.7717698711777349
Pressure,Christopher Nkunku,3955639,Chelsea,Lost,0,2,First half,1.2824938269778166,0.7717698711777349
Pressure,Nicolas Jackson,3955639,Chelsea,Lost,0,2,First half,1.2824938269778166,0.7717698711777349
Pass-Ball Receipt-Carry-Pass-Ball Receipt-Carry,Malo Gusto-Wesley Fofana-Wesley Fofana-Wesley Fofana-Levi Colwill-Levi Colwill,3955639,Chelsea,Lost,0,2,First half,1.2824938269778166,0.7717698711777349
Pass-Ball Receipt-Carry-Pass-Ball Receipt-Carry-Pass-Ball Receipt-Carry-Pass-Ball Receipt,Levi Colwill-Marc Cucurella Saseta-Marc Cucurella Saseta-Marc Cucurella Saseta-Levi Colwill-Levi Colwill-Levi Colwill-Robert Lynch Sanchez-Robert Lynch Sanchez-Robert Lynch Sanchez-Christopher Nkunku,3955639,Chelsea,Lost,0,2,First half,1.2824938269778166,0.7717698711777349
Pass-Ball Receipt-Carry-Pass,Christopher Nkunku-Marc Cucurella Saseta-Marc Cucurella Saseta-Marc Cucurella Saseta,3955639,Chelsea,Lost,0,2,First half,1.2824938269778166,0.7717698711777349
Pressure,Enzo Fernandez,3955639,Chelsea,Lost,0,2,First half,1.2824938269778166,0.7717698711777349
Pressure-Foul Committed,Wesley Fofana-Wesley Fofana,3955639,Chelsea,Lost,0,2,First half,1.2824938269778166,0.7717698711777349
Pressure,Levi Colwill,3955639,Chelsea,Lost,0,2,First half,1.2824938269778166,0.7717698711777349
Ball Recovery-Carry,Marc Cucurella Saseta-Marc Cucurella Saseta,3955639,Chelsea,Lost,0,2,First half,1.2824938269778166,0.7717698711777349
Foul Won-Pass-Ball Receipt-Pass-Ball Receipt-Carry,Marc Cucurella Saseta-Robert Lynch Sanchez-Levi Colwill-Levi Colwill-Robert Lynch Sanchez-Robert Lynch Sanchez,3955639,Chelsea,Lost,0,2,First half,1.2824938269778166,0.7717698711777349
Pass-Ball Receipt-Carry-Pass-Ball Receipt-Carry,Robert Lynch Sanchez-Wesley Fofana-Wesley Fofana-Wesley Fofana-Cole Palmer-Cole Palmer,3955639,Chelsea,Lost,0,2,First half,1.2824938269778166,0.7717698711777349
Pass-Ball Receipt-Carry-Pass-Ball Receipt-Carry-Pass-Ball Receipt-Carry-Pass-Ball Receipt-Carry-Pass,Cole Palmer-Roméo Lavia-Roméo Lavia-Roméo Lavia-Marc Cucurella Saseta-Marc Cucurella Saseta-Marc Cucurella Saseta-Roméo Lavia-Roméo Lavia-Roméo Lavia-Moisés Isaac Caicedo Corozo-Moisés Isaac Caicedo Corozo-Moisés Isaac Caicedo Corozo,3955639,Chelsea,Lost,0,2,First half,1.2824938269778166,0.7717698711777349
Pass,Malo Gusto,3955639,Chelsea,Lost,0,2,First half,1.2824938269778166,0.7717698711777349
Ball Receipt-Carry-Pass-Ball Receipt-Carry-Pass-Ball Receipt-Carry-Pass-Ball Receipt,Roméo Lavia-Roméo Lavia-Roméo Lavia-Robert Lynch Sanchez-Robert Lynch Sanchez-Robert Lynch Sanchez-Marc Cucurella Saseta-Marc Cucurella Saseta-Marc Cucurella Saseta-Christopher Nkunku,3955639,Chelsea,Lost,0,2,First half,1.2824938269778166,0.7717698711777349
Pressure,Marc Cucurella Saseta,3955639,Chelsea,Lost,0,2,First half,1.2824938269778166,0.7717698711777349
Pass,Moisés Isaac Caicedo Corozo,3955639,Chelsea,Lost,0,2,First half,1.2824938269778166,0.7717698711777349
Ball Receipt-Carry,Roméo Lavia-Roméo Lavia,3955639,Chelsea,Lost,0,2,First half,1.2824938269778166,0.7717698711777349
Pass-Ball Receipt-Carry-Pass-Ball Receipt-Carry-Pass-Ball Receipt,Roméo Lavia-Moisés Isaac Caicedo Corozo-Moisés Isaac Caicedo Corozo-Moisés Isaac Caicedo Corozo-Cole Palmer-Cole Palmer-Cole Palmer-Malo Gusto,3955639,Chelsea,Lost,0,2,First half,1.2824938269778166,0.7717698711777349
Pressure,Marc Cucurella Saseta,3955639,Chelsea,Lost,0,2,First half,1.2824938269778166,0.7717698711777349
Pressure,Enzo Fernandez,3955639,Chelsea,Lost,0,2,First half,1.2824938269778166,0.7717698711777349
Pressure,Marc Cucurella Saseta,3955639,Chelsea,Lost,0,2,First half,1.2824938269778166,0.7717698711777349
Pressure,Enzo Fernandez,3955639,Chelsea,Lost,0,2,First half,1.2824938269778166,0.7717698711777349
Pressure,Marc Cucurella Saseta,3955639,Chelsea,Lost,0,2,First half,1.2824938269778166,0.7717698711777349
Pressure,Marc Cucurella Saseta,3955639,Chelsea,Lost,0,2,First half,1.2824938269778166,0.7717698711777349
Block,Levi Colwill,3955639,Chelsea,Lost,0,2,First half,1.2824938269778166,0.7717698711777349
Clearance-Ball Recovery-Carry,Levi Colwill-Marc Cucurella Saseta-Marc Cucurella Saseta,3955639,Chelsea,Lost,0,2,First half,1.2824938269778166,0.7717698711777349
Pass-Ball Receipt,Marc Cucurella Saseta-Enzo Fernandez,3955639,Chelsea,Lost,0,2,First half,1.2824938269778166,0.7717698711777349
Pass-Ball Receipt-Miscontrol-Substitution,Marc Cucurella Saseta-Christopher Nkunku-Christopher Nkunku-Christopher Nkunku,3955639,Chelsea,Lost,0,2,First half,1.2824938269778166,0.7717698711777349
Pressure,Enzo Fernandez,3955639,Chelsea,Lost,0,2,First half,1.2824938269778166,0.7717698711777349
Pressure,Moisés Isaac Caicedo Corozo,3955639,Chelsea,Lost,0,2,First half,1.2824938269778166,0.7717698711777349
Duel-Ball Recovery-Carry,Moisés Isaac Caicedo Corozo-Roméo Lavia-Roméo Lavia,3955639,Chelsea,Lost,0,2,First half,1.2824938269778166,0.7717698711777349
Pass-Ball Receipt-Carry,Roméo Lavia-Moisés Isaac Caicedo Corozo-Moisés Isaac Caicedo Corozo,3955639,Chelsea,Lost,0,2,First half,1.2824938269778166,0.7717698711777349
Pass-Ball Receipt-Carry-Pass-Ball Receipt-Carry-Pass-Ball Receipt-Carry-Shot,Moisés Isaac Caicedo Corozo-Enzo Fernandez-Enzo Fernandez-Enzo Fernandez-Cole Palmer-Cole Palmer-Cole Palmer-Moisés Isaac Caicedo Corozo-Moisés Isaac Caicedo Corozo-Moisés Isaac Caicedo Corozo,3955639,Chelsea,Lost,0,2,First half,1.2824938269778166,0.7717698711777349
Ball Recovery-Carry-Pass-Ball Receipt-Pass-Pressure,Moisés Isaac Caicedo Corozo-Moisés Isaac Caicedo Corozo-Moisés Isaac Caicedo Corozo-Enzo Fernandez-Enzo Fernandez-Pedro Lomba Neto,3955639,Chelsea,Lost,0,2,First half,1.2824938269778166,0.7717698711777349
Pass-Ball Receipt-Carry-Miscontrol-50/50,Enzo Fernandez-Wesley Fofana-Wesley Fofana-Wesley Fofana-Wesley Fofana,3955639,Chelsea,Lost,0,2,First half,1.2824938269778166,0.7717698711777349
Pressure,Wesley Fofana,3955639,Chelsea,Lost,0,2,First half,1.2824938269778166,0.7717698711777349
Duel,Malo Gusto,3955639,Chelsea,Lost,0,2,First half,1.2824938269778166,0.7717698711777349
Pressure-Foul Committed,Malo Gusto-Malo Gusto,3955639,Chelsea,Lost,0,2,First half,1.2824938269778166,0.7717698711777349
Ball Recovery-Carry-Pass-Ball Receipt-Carry-Pass-Ball Receipt-Pass-Ball Receipt-Carry-Pass-Pressure-Ball Receipt,Roméo Lavia-Roméo Lavia-Roméo Lavia-Pedro Lomba Neto-Pedro Lomba Neto-Pedro Lomba Neto-Enzo Fernandez-Enzo Fernandez-Cole Palmer-Cole Palmer-Cole Palmer-Pedro Lomba Neto-Pedro Lomba Neto,3955639,Chelsea,Lost,0,2,First half,1.2824938269778166,0.7717698711777349
Ball Recovery-Carry-Pass-Ball Receipt-Carry-Pass-Ball Receipt-Pass-Ball Receipt-Carry-Pass-Ball Receipt-Carry-Pass-Ball Receipt-Carry-Pass-Ball Receipt-Carry-Pass-Ball Receipt-Carry-Pass-Ball Receipt-Carry-Pass-Ball Receipt-Carry-Pass-Ball Receipt-Carry-Pass-Shot-Ball Receipt,Marc Cucurella Saseta-Marc Cucurella Saseta-Marc Cucurella Saseta-Cole Palmer-Cole Palmer-Cole Palmer-Roméo Lavia-Roméo Lavia-Cole Palmer-Cole Palmer-Cole Palmer-Marc Cucurella Saseta-Marc Cucurella Saseta-Marc Cucurella Saseta-Pedro Lomba Neto-Pedro Lomba Neto-Pedro Lomba Neto-Enzo Fernandez-Enzo Fernandez-Enzo Fernandez-Marc Cucurella Saseta-Marc Cucurella Saseta-Marc Cucurella Saseta-Moisés Isaac Caicedo Corozo-Moisés Isaac Caicedo Corozo-Moisés Isaac Caicedo Corozo-Marc Cucurella Saseta-Marc Cucurella Saseta-Marc Cucurella Saseta-Pedro Lomba Neto-Pedro Lomba Neto-Pedro Lomba Neto-Enzo Fernandez-Enzo Fernandez,3955639,Chelsea,Lost,0,2,First half,1.2824938269778166,0.7717698711777349
Pass,Malo Gusto,3955639,Chelsea,Lost,0,2,First half,1.2824938269778166,0.7717698711777349
Pass-Ball Receipt-Shot,Roméo Lavia-Nicolas Jackson-Nicolas Jackson,3955639,Chelsea,Lost,0,2,First half,1.2824938269778166,0.7717698711777349
Pass,Malo Gusto,3955639,Chelsea,Lost,0,2,First half,1.2824938269778166,0.7717698711777349
Ball Receipt-Carry-Dribble-Carry,Moisés Isaac Caicedo Corozo-Moisés Isaac Caicedo Corozo-Moisés Isaac Caicedo Corozo-Moisés Isaac Caicedo Corozo,3955639,Chelsea,Lost,0,2,First half,1.2824938269778166,0.7717698711777349
Pass-Ball Receipt-Carry-Miscontrol-Pressure,Moisés Isaac Caicedo Corozo-Pedro Lomba Neto-Pedro Lomba Neto-Pedro Lomba Neto-Pedro Lomba Neto,3955639,Chelsea,Lost,0,2,First half,1.2824938269778166,0.7717698711777349
Pressure,Pedro Lomba Neto,3955639,Chelsea,Lost,0,2,First half,1.2824938269778166,0.7717698711777349
Pressure,Marc Cucurella Saseta,3955639,Chelsea,Lost,0,2,First half,1.2824938269778166,0.7717698711777349
Pressure,Moisés Isaac Caicedo Corozo,3955639,Chelsea,Lost,0,2,First half,1.2824938269778166,0.7717698711777349
Pressure,Enzo Fernandez,3955639,Chelsea,Lost,0,2,First half,1.2824938269778166,0.7717698711777349
Interception-Carry,Roméo Lavia-Roméo Lavia,3955639,Chelsea,Lost,0,2,First half,1.2824938269778166,0.7717698711777349
Pass-Ball Receipt-Carry,Roméo Lavia-Pedro Lomba Neto-Pedro Lomba Neto,3955639,Chelsea,Lost,0,2,First half,1.2824938269778166,0.7717698711777349
Pass-Pressure-Ball Receipt,Pedro Lomba Neto-Nicolas Jackson-Nicolas Jackson,3955639,Chelsea,Lost,0,2,First half,1.2824938269778166,0.7717698711777349
Pressure,Moisés Isaac Caicedo Corozo,3955639,Chelsea,Lost,0,2,First half,1.2824938269778166,0.7717698711777349
Pressure,Enzo Fernandez,3955639,Chelsea,Lost,0,2,First half,1.2824938269778166,0.7717698711777349
Pressure,Marc Cucurella Saseta,3955639,Chelsea,Lost,0,2,First half,1.2824938269778166,0.7717698711777349
Pressure,Levi Colwill,3955639,Chelsea,Lost,0,2,First half,1.2824938269778166,0.7717698711777349
Duel,Levi Colwill,3955639,Chelsea,Lost,0,2,First half,1.2824938269778166,0.7717698711777349
Foul Won-Substitution-Substitution-Tactical Shift-Pass,Levi Colwill-Nicolas Jackson-Roméo Lavia-Unknown-Robert Lynch Sanchez,3955639,Chelsea,Lost,0,2,First half,1.2824938269778166,0.7717698711777349
Pass,Marc Cucurella Saseta,3955639,Chelsea,Lost,0,2,First half,1.2824938269778166,0.7717698711777349
Pass,Moisés Isaac Caicedo Corozo,3955639,Chelsea,Lost,0,2,First half,1.2824938269778166,0.7717698711777349
Ball Receipt-Pass-Ball Receipt,Kiernan Dewsbury-Hall-Kiernan Dewsbury-Hall-Marc Guiu Paz,3955639,Chelsea,Lost,0,2,First half,1.2824938269778166,0.7717698711777349
Pass-Ball Receipt-Carry-Pass-Ball Receipt-Carry-Pass-Ball Receipt-Carry-Pass-Ball Receipt-Carry,Wesley Fofana-Robert Lynch Sanchez-Robert Lynch Sanchez-Robert Lynch Sanchez-Wesley Fofana-Wesley Fofana-Wesley Fofana-Cole Palmer-Cole Palmer-Cole Palmer-Pedro Lomba Neto-Pedro Lomba Neto,3955639,Chelsea,Lost,0,2,First half,1.2824938269778166,0.7717698711777349
Pass-Ball Receipt-Carry-Pass-Ball Receipt-Carry-Pass-Ball Receipt-Carry-Pass-Ball Receipt-Carry-Pass-Ball Receipt-Carry-Pass-Ball Receipt-Carry-Pass-Ball Receipt-Carry-Pass-Ball Receipt-Carry-Pass-Ball Receipt-Carry-Pass-Ball Receipt-Carry-Pass-Ball Receipt-Carry-Pass-Ball Receipt,Pedro Lomba Neto-Marc Cucurella Saseta-Marc Cucurella Saseta-Marc Cucurella Saseta-Enzo Fernandez-Enzo Fernandez-Enzo Fernandez-Marc Cucurella Saseta-Marc Cucurella Saseta-Marc Cucurella Saseta-Enzo Fernandez-Enzo Fernandez-Enzo Fernandez-Kiernan Dewsbury-Hall-Kiernan Dewsbury-Hall-Kiernan Dewsbury-Hall-Marc Cucurella Saseta-Marc Cucurella Saseta-Marc Cucurella Saseta-Levi Colwill-Levi Colwill-Levi Colwill-Marc Cucurella Saseta-Marc Cucurella Saseta-Marc Cucurella Saseta-Enzo Fernandez-Enzo Fernandez-Enzo Fernandez-Marc Cucurella Saseta-Marc Cucurella Saseta-Marc Cucurella Saseta-Enzo Fernandez-Enzo Fernandez-Enzo Fernandez-Malo Gusto,3955639,Chelsea,Lost,0,2,First half,1.2824938269778166,0.7717698711777349
Pressure,Malo Gusto,3955639,Chelsea,Lost,0,2,First half,1.2824938269778166,0.7717698711777349
Pressure,Kiernan Dewsbury-Hall,3955639,Chelsea,Lost,0,2,First half,1.2824938269778166,0.7717698711777349
Pressure,Marc Guiu Paz,3955639,Chelsea,Lost,0,2,First half,1.2824938269778166,0.7717698711777349
Pressure,Kiernan Dewsbury-Hall,3955639,Chelsea,Lost,0,2,First half,1.2824938269778166,0.7717698711777349
Pressure,Marc Guiu Paz,3955639,Chelsea,Lost,0,2,First half,1.2824938269778166,0.7717698711777349
Pressure,Marc Guiu Paz,3955639,Chelsea,Lost,0,2,First half,1.2824938269778166,0.7717698711777349
Pressure,Moisés Isaac Caicedo Corozo,3955639,Chelsea,Lost,0,2,First half,1.2824938269778166,0.7717698711777349
Ball Recovery-Carry,Malo Gusto-Malo Gusto,3955639,Chelsea,Lost,0,2,First half,1.2824938269778166,0.7717698711777349
Miscontrol-Ball Recovery-Carry-Pass,Malo Gusto-Moisés Isaac Caicedo Corozo-Moisés Isaac Caicedo Corozo-Moisés Isaac Caicedo Corozo,3955639,Chelsea,Lost,0,2,First half,1.2824938269778166,0.7717698711777349
Ball Receipt-Carry-Dispossessed,Cole Palmer-Cole Palmer-Cole Palmer,3955639,Chelsea,Lost,0,2,First half,1.2824938269778166,0.7717698711777349
Pressure,Moisés Isaac Caicedo Corozo,3955639,Chelsea,Lost,0,2,First half,1.2824938269778166,0.7717698711777349
Pressure,Wesley Fofana,3955639,Chelsea,Lost,0,2,First half,1.2824938269778166,0.7717698711777349
Foul Committed,Wesley Fofana,3955639,Chelsea,Lost,0,2,First half,1.2824938269778166,0.7717698711777349
Pressure,Kiernan Dewsbury-Hall,3955639,Chelsea,Lost,0,2,First half,1.2824938269778166,0.7717698711777349
Pressure,Marc Guiu Paz,3955639,Chelsea,Lost,0,2,First half,1.2824938269778166,0.7717698711777349
Pressure,Marc Guiu Paz,3955639,Chelsea,Lost,0,2,First half,1.2824938269778166,0.7717698711777349
Pressure,Marc Guiu Paz,3955639,Chelsea,Lost,0,2,First half,1.2824938269778166,0.7717698711777349
Pass-Ball Receipt-Carry-Pass-Ball Receipt-Carry-Pass-Ball Receipt-Carry-Pass-Ball Receipt-Carry-Pass-Ball Receipt-Carry-Pass-Ball Receipt-Carry-Pass-Ball Receipt-Carry-Pass-Ball Receipt-Carry-Pass-Ball Receipt-Carry-Pass-Ball Receipt-Carry-Pass-Ball Receipt-Carry-Pass-Ball Receipt-Carry-Pass-Ball Receipt-Carry-Pass-Ball Receipt-Carry-Pass-Ball Receipt-Carry-Pass-Ball Receipt-Pass-Ball Receipt-Carry-Pass,Levi Colwill-Moisés Isaac Caicedo Corozo-Moisés Isaac Caicedo Corozo-Moisés Isaac Caicedo Corozo-Kiernan Dewsbury-Hall-Kiernan Dewsbury-Hall-Kiernan Dewsbury-Hall-Pedro Lomba Neto-Pedro Lomba Neto-Pedro Lomba Neto-Kiernan Dewsbury-Hall-Kiernan Dewsbury-Hall-Kiernan Dewsbury-Hall-Marc Cucurella Saseta-Marc Cucurella Saseta-Marc Cucurella Saseta-Enzo Fernandez-Enzo Fernandez-Enzo Fernandez-Moisés Isaac Caicedo Corozo-Moisés Isaac Caicedo Corozo-Moisés Isaac Caicedo Corozo-Enzo Fernandez-Enzo Fernandez-Enzo Fernandez-Pedro Lomba Neto-Pedro Lomba Neto-Pedro Lomba Neto-Enzo Fernandez-Enzo Fernandez-Enzo Fernandez-Malo Gusto-Malo Gusto-Malo Gusto-Moisés Isaac Caicedo Corozo-Moisés Isaac Caicedo Corozo-Moisés Isaac Caicedo Corozo-Wesley Fofana-Wesley Fofana-Wesley Fofana-Enzo Fernandez-Enzo Fernandez-Enzo Fernandez-Pedro Lomba Neto-Pedro Lomba Neto-Pedro Lomba Neto-Enzo Fernandez-Enzo Fernandez-Marc Cucurella Saseta-Marc Cucurella Saseta-Marc Cucurella Saseta,3955639,Chelsea,Lost,0,2,First half,1.2824938269778166,0.7717698711777349
Pressure,Malo Gusto,3955639,Chelsea,Lost,0,2,First half,1.2824938269778166,0.7717698711777349
Pressure,Malo Gusto,3955639,Chelsea,Lost,0,2,First half,1.2824938269778166,0.7717698711777349
Dribbled Past,Malo Gusto,3955639,Chelsea,Lost,0,2,First half,1.2824938269778166,0.7717698711777349
Interception-Carry-Pass-Ball Receipt-Carry-Pass-Ball Receipt-Carry,Moisés Isaac Caicedo Corozo-Moisés Isaac Caicedo Corozo-Moisés Isaac Caicedo Corozo-Kiernan Dewsbury-Hall-Kiernan Dewsbury-Hall-Kiernan Dewsbury-Hall-Enzo Fernandez-Enzo Fernandez,3955639,Chelsea,Lost,0,2,First half,1.2824938269778166,0.7717698711777349
Pass-Ball Receipt-Carry,Enzo Fernandez-Marc Cucurella Saseta-Marc Cucurella Saseta,3955639,Chelsea,Lost,0,2,First half,1.2824938269778166,0.7717698711777349
Pass-Ball Receipt-Carry-Pass-Pressure,Marc Cucurella Saseta-Pedro Lomba Neto-Pedro Lomba Neto-Pedro Lomba Neto-Malo Gusto,3955639,Chelsea,Lost,0,2,First half,1.2824938269778166,0.7717698711777349
Pass-Ball Receipt-Miscontrol,Malo Gusto-Cole Palmer-Cole Palmer,3955639,Chelsea,Lost,0,2,First half,1.2824938269778166,0.7717698711777349
Pressure,Wesley Fofana,3955639,Chelsea,Lost,0,2,First half,1.2824938269778166,0.7717698711777349
Pressure,Malo Gusto,3955639,Chelsea,Lost,0,2,First half,1.2824938269778166,0.7717698711777349
Duel,Wesley Fofana,3955639,Chelsea,Lost,0,2,First half,1.2824938269778166,0.7717698711777349
Pressure,Wesley Fofana,3955639,Chelsea,Lost,0,2,First half,1.2824938269778166,0.7717698711777349
Block-Block,Wesley Fofana-Malo Gusto,3955639,Chelsea,Lost,0,2,First half,1.2824938269778166,0.7717698711777349
Ball Recovery-Pass,Malo Gusto-Malo Gusto,3955639,Chelsea,Lost,0,2,First half,1.2824938269778166,0.7717698711777349
Ball Receipt-Carry-Pass,Wesley Fofana-Wesley Fofana-Wesley Fofana,3955639,Chelsea,Lost,0,2,First half,1.2824938269778166,0.7717698711777349
Pressure,Enzo Fernandez,3955639,Chelsea,Lost,0,2,First half,1.2824938269778166,0.7717698711777349
Pressure,Kiernan Dewsbury-Hall,3955639,Chelsea,Lost,0,2,First half,1.2824938269778166,0.7717698711777349
Goal Keeper-Pass-Ball Receipt-Pass-Ball Receipt-Pass-Ball Receipt-Carry-Pass-Ball Receipt-Pass-Ball Receipt-Carry-Pass-Ball Receipt-Carry,Robert Lynch Sanchez-Robert Lynch Sanchez-Marc Cucurella Saseta-Marc Cucurella Saseta-Levi Colwill-Levi Colwill-Marc Cucurella Saseta-Marc Cucurella Saseta-Marc Cucurella Saseta-Enzo Fernandez-Enzo Fernandez-Marc Cucurella Saseta-Marc Cucurella Saseta-Marc Cucurella Saseta-Levi Colwill-Levi Colwill,3955639,Chelsea,Lost,0,2,First half,1.2824938269778166,0.7717698711777349
Pass-Ball Receipt-Pass-Ball Receipt-Pass-Ball Receipt,Levi Colwill-Pedro Lomba Neto-Pedro Lomba Neto-Marc Guiu Paz-Marc Guiu Paz-Kiernan Dewsbury-Hall,3955639,Chelsea,Lost,0,2,First half,1.2824938269778166,0.7717698711777349
Block,Wesley Fofana,3955639,Chelsea,Lost,0,2,First half,1.2824938269778166,0.7717698711777349
Pass-Ball Receipt-Pass-Ball Receipt-Carry-Pass,Robert Lynch Sanchez-Wesley Fofana-Wesley Fofana-Levi Colwill-Levi Colwill-Levi Colwill,3955639,Chelsea,Lost,0,2,First half,1.2824938269778166,0.7717698711777349
Ball Receipt-Carry-Pass-Ball Receipt-Carry-Pass-Ball Receipt-Carry,Kiernan Dewsbury-Hall-Kiernan Dewsbury-Hall-Kiernan Dewsbury-Hall-Marc Cucurella Saseta-Marc Cucurella Saseta-Marc Cucurella Saseta-Levi Colwill-Levi Colwill,3955639,Chelsea,Lost,0,2,First half,1.2824938269778166,0.7717698711777349
Pass-Ball Receipt-Carry,Levi Colwill-Robert Lynch Sanchez-Robert Lynch Sanchez,3955639,Chelsea,Lost,0,2,First half,1.2824938269778166,0.7717698711777349
Pass-Ball Receipt-Carry-Pass-Ball Receipt,Robert Lynch Sanchez-Wesley Fofana-Wesley Fofana-Wesley Fofana-Cole Palmer,3955639,Chelsea,Lost,0,2,First half,1.2824938269778166,0.7717698711777349
Pressure,Cole Palmer,3955639,Chelsea,Lost,0,2,First half,1.2824938269778166,0.7717698711777349
Pressure,Marc Guiu Paz,3955639,Chelsea,Lost,0,2,First half,1.2824938269778166,0.7717698711777349
Pressure,Marc Cucurella Saseta,3955639,Chelsea,Lost,0,2,First half,1.2824938269778166,0.7717698711777349
Pressure,Marc Guiu Paz,3955639,Chelsea,Lost,0,2,First half,1.2824938269778166,0.7717698711777349
Pressure,Kiernan Dewsbury-Hall,3955639,Chelsea,Lost,0,2,First half,1.2824938269778166,0.7717698711777349
Interception,Levi Colwill,3955639,Chelsea,Lost,0,2,First half,1.2824938269778166,0.7717698711777349
Pressure,Enzo Fernandez,3955639,Chelsea,Lost,0,2,First half,1.2824938269778166,0.7717698711777349
Dribbled Past,Enzo Fernandez,3955639,Chelsea,Lost,0,2,First half,1.2824938269778166,0.7717698711777349
Interception-Carry-Pass-Ball Receipt-Carry,Wesley Fofana-Wesley Fofana-Wesley Fofana-Cole Palmer-Cole Palmer,3955639,Chelsea,Lost,0,2,First half,1.2824938269778166,0.7717698711777349
Pass-Ball Receipt-Carry,Cole Palmer-Kiernan Dewsbury-Hall-Kiernan Dewsbury-Hall,3955639,Chelsea,Lost,0,2,First half,1.2824938269778166,0.7717698711777349
Pass-Ball Receipt-Carry-Pass-Ball Receipt-Carry-Pass-Ball Receipt-Carry,Kiernan Dewsbury-Hall-Marc Cucurella Saseta-Marc Cucurella Saseta-Marc Cucurella Saseta-Enzo Fernandez-Enzo Fernandez-Enzo Fernandez-Malo Gusto-Malo Gusto,3955639,Chelsea,Lost,0,2,First half,1.2824938269778166,0.7717698711777349
Pass-Ball Receipt-Carry-Pass-Ball Receipt-Carry-Pass,Malo Gusto-Cole Palmer-Cole Palmer-Cole Palmer-Malo Gusto-Malo Gusto-Malo Gusto,3955639,Chelsea,Lost,0,2,First half,1.2824938269778166,0.7717698711777349
50/50,Malo Gusto,3955639,Chelsea,Lost,0,2,First half,1.2824938269778166,0.7717698711777349
Pass,Cole Palmer,3955639,Chelsea,Lost,0,2,First half,1.2824938269778166,0.7717698711777349
Ball Recovery-Carry-Pass-Ball Receipt-Carry-Pass-Ball Receipt-Carry-Pass-Ball Receipt-Carry-Pass-Ball Receipt-Carry-Pass-Ball Receipt-Carry-Pass-Ball Receipt-Carry-Pass-Ball Receipt-Carry-Pass-Ball Receipt-Carry-Pass-Ball Receipt-Carry-Pass-Ball Receipt-Carry,Kiernan Dewsbury-Hall-Kiernan Dewsbury-Hall-Kiernan Dewsbury-Hall-Moisés Isaac Caicedo Corozo-Moisés Isaac Caicedo Corozo-Moisés Isaac Caicedo Corozo-Kiernan Dewsbury-Hall-Kiernan Dewsbury-Hall-Kiernan Dewsbury-Hall-Pedro Lomba Neto-Pedro Lomba Neto-Pedro Lomba Neto-Kiernan Dewsbury-Hall-Kiernan Dewsbury-Hall-Kiernan Dewsbury-Hall-Moisés Isaac Caicedo Corozo-Moisés Isaac Caicedo Corozo-Moisés Isaac Caicedo Corozo-Malo Gusto-Malo Gusto-Malo Gusto-Enzo Fernandez-Enzo Fernandez-Enzo Fernandez-Malo Gusto-Malo Gusto-Malo Gusto-Kiernan Dewsbury-Hall-Kiernan Dewsbury-Hall-Kiernan Dewsbury-Hall-Pedro Lomba Neto-Pedro Lomba Neto,3955639,Chelsea,Lost,0,2,First half,1.2824938269778166,0.7717698711777349
Dribble-Carry,Pedro Lomba Neto-Pedro Lomba Neto,3955639,Chelsea,Lost,0,2,First half,1.2824938269778166,0.7717698711777349
Pass,Pedro Lomba Neto,3955639,Chelsea,Lost,0,2,First half,1.2824938269778166,0.7717698711777349
Pressure,Marc Cucurella Saseta,3955639,Chelsea,Lost,0,2,First half,1.2824938269778166,0.7717698711777349
Ball Recovery-Carry-Pass-Ball Receipt-Carry-Pass-Ball Receipt-Carry-Pass-Ball Receipt-Carry-Pass-Ball Receipt-Carry-Pass,Kiernan Dewsbury-Hall-Kiernan Dewsbury-Hall-Kiernan Dewsbury-Hall-Pedro Lomba Neto-Pedro Lomba Neto-Pedro Lomba Neto-Kiernan Dewsbury-Hall-Kiernan Dewsbury-Hall-Kiernan Dewsbury-Hall-Pedro Lomba Neto-Pedro Lomba Neto-Pedro Lomba Neto-Moisés Isaac Caicedo Corozo-Moisés Isaac Caicedo Corozo-Moisés Isaac Caicedo Corozo,3955639,Chelsea,Lost,0,2,First half,1.2824938269778166,0.7717698711777349
Pressure,Marc Guiu Paz,3955639,Chelsea,Lost,0,2,First half,1.2824938269778166,0.7717698711777349
Clearance,Marc Cucurella Saseta,3955639,Chelsea,Lost,0,2,First half,1.2824938269778166,0.7717698711777349
Injury Stoppage-Substitution,Marc Cucurella Saseta-Marc Cucurella Saseta,3955639,Chelsea,Lost,0,2,First half,1.2824938269778166,0.7717698711777349
Pressure,Kiernan Dewsbury-Hall,3955639,Chelsea,Lost,0,2,First half,1.2824938269778166,0.7717698711777349
Pressure-Pressure,Renato De Palma Veiga-Pedro Lomba Neto,3955639,Chelsea,Lost,0,2,First half,1.2824938269778166,0.7717698711777349
Pressure,Pedro Lomba Neto,3955639,Chelsea,Lost,0,2,First half,1.2824938269778166,0.7717698711777349
Pressure,Renato De Palma Veiga,3955639,Chelsea,Lost,0,2,First half,1.2824938269778166,0.7717698711777349
Block,Renato De Palma Veiga,3955639,Chelsea,Lost,0,2,First half,1.2824938269778166,0.7717698711777349
Pressure,Marc Guiu Paz,3955639,Chelsea,Lost,0,2,First half,1.2824938269778166,0.7717698711777349
Pressure,Pedro Lomba Neto,3955639,Chelsea,Lost,0,2,First half,1.2824938269778166,0.7717698711777349
Pressure,Marc Guiu Paz,3955639,Chelsea,Lost,0,2,First half,1.2824938269778166,0.7717698711777349
Pressure,Pedro Lomba Neto,3955639,Chelsea,Lost,0,2,First half,1.2824938269778166,0.7717698711777349
Pressure,Marc Guiu Paz,3955639,Chelsea,Lost,0,2,First half,1.2824938269778166,0.7717698711777349
Pressure,Marc Guiu Paz,3955639,Chelsea,Lost,0,2,First half,1.2824938269778166,0.7717698711777349
Interception-Pressure,Kiernan Dewsbury-Hall-Pedro Lomba Neto,3955639,Chelsea,Lost,0,2,First half,1.2824938269778166,0.7717698711777349
Pressure,Pedro Lomba Neto,3955639,Chelsea,Lost,0,2,First half,1.2824938269778166,0.7717698711777349
Pass-Ball Receipt-Carry-Pass-Ball Receipt,Levi Colwill-Kiernan Dewsbury-Hall-Kiernan Dewsbury-Hall-Kiernan Dewsbury-Hall-Pedro Lomba Neto,3955639,Chelsea,Lost,0,2,First half,1.2824938269778166,0.7717698711777349
Pressure,Pedro Lomba Neto,3955639,Chelsea,Lost,0,2,First half,1.2824938269778166,0.7717698711777349
Pressure,Marc Guiu Paz,3955639,Chelsea,Lost,0,2,First half,1.2824938269778166,0.7717698711777349
Pressure,Malo Gusto,3955639,Chelsea,Lost,0,2,First half,1.2824938269778166,0.7717698711777349
Pressure,Enzo Fernandez,3955639,Chelsea,Lost,0,2,First half,1.2824938269778166,0.7717698711777349
Pressure,Marc Guiu Paz,3955639,Chelsea,Lost,0,2,First half,1.2824938269778166,0.7717698711777349
Pressure,Malo Gusto,3955639,Chelsea,Lost,0,2,First half,1.2824938269778166,0.7717698711777349
Goal Keeper-Carry-Pass,Robert Lynch Sanchez-Robert Lynch Sanchez-Robert Lynch Sanchez,3955639,Chelsea,Lost,0,2,First half,1.2824938269778166,0.7717698711777349
Ball Receipt-Carry-Pass,Malo Gusto-Malo Gusto-Malo Gusto,3955639,Chelsea,Lost,0,2,First half,1.2824938269778166,0.7717698711777349
Ball Receipt-Carry-Pass-Ball Receipt-Carry,Robert Lynch Sanchez-Robert Lynch Sanchez-Robert Lynch Sanchez-Wesley Fofana-Wesley Fofana,3955639,Chelsea,Lost,0,2,First half,1.2824938269778166,0.7717698711777349
Pass-Ball Receipt,Wesley Fofana-Marc Guiu Paz,3955639,Chelsea,Lost,0,2,First half,1.2824938269778166,0.7717698711777349
Pressure-Pressure,Moisés Isaac Caicedo Corozo-Enzo Fernandez,3955639,Chelsea,Lost,0,2,First half,1.2824938269778166,0.7717698711777349
Goal Keeper-Pass-Ball Receipt-Pass-Ball Receipt-Carry-Pass-Pressure-Ball Receipt,Robert Lynch Sanchez-Marc Guiu Paz-Enzo Fernandez-Enzo Fernandez-Cole Palmer-Cole Palmer-Cole Palmer-Kiernan Dewsbury-Hall-Kiernan Dewsbury-Hall,3955639,Chelsea,Lost,0,2,First half,1.2824938269778166,0.7717698711777349
Block,Kiernan Dewsbury-Hall,3955639,Chelsea,Lost,0,2,First half,1.2824938269778166,0.7717698711777349
Pass,Moisés Isaac Caicedo Corozo,3955639,Chelsea,Lost,0,2,First half,1.2824938269778166,0.7717698711777349
Block,Enzo Fernandez,3955639,Chelsea,Lost,0,2,First half,1.2824938269778166,0.7717698711777349
Pressure,Kiernan Dewsbury-Hall,3955639,Chelsea,Lost,0,2,First half,1.2824938269778166,0.7717698711777349
Pass-Ball Receipt-Carry-Pass-Ball Receipt-Carry,Renato De Palma Veiga-Wesley Fofana-Wesley Fofana-Wesley Fofana-Cole Palmer-Cole Palmer,3955639,Chelsea,Lost,0,2,First half,1.2824938269778166,0.7717698711777349
Pass-Ball Receipt-Carry-Pass-Ball Receipt-Carry,Cole Palmer-Malo Gusto-Malo Gusto-Malo Gusto-Moisés Isaac Caicedo Corozo-Moisés Isaac Caicedo Corozo,3955639,Chelsea,Lost,0,2,First half,1.2824938269778166,0.7717698711777349
Pass-Ball Receipt-Carry-Pass-Ball Receipt-Carry-Pass-Ball Receipt-Carry-Pass-Ball Receipt-Carry-Pass-Ball Receipt-Carry-Pass-Ball Receipt-Carry-Pass-Ball Receipt-Carry-Pass-Ball Receipt-Carry-Pass-Ball Receipt-Carry-Pass-Ball Receipt-Carry-Pass-Ball Receipt-Pass-Ball Receipt-Carry-Pass-Ball Receipt-Carry,Moisés Isaac Caicedo Corozo-Malo Gusto-Malo Gusto-Malo Gusto-Wesley Fofana-Wesley Fofana-Wesley Fofana-Cole Palmer-Cole Palmer-Cole Palmer-Enzo Fernandez-Enzo Fernandez-Enzo Fernandez-Pedro Lomba Neto-Pedro Lomba Neto-Pedro Lomba Neto-Enzo Fernandez-Enzo Fernandez-Enzo Fernandez-Moisés Isaac Caicedo Corozo-Moisés Isaac Caicedo Corozo-Moisés Isaac Caicedo Corozo-Enzo Fernandez-Enzo Fernandez-Enzo Fernandez-Renato De Palma Veiga-Renato De Palma Veiga-Renato De Palma Veiga-Enzo Fernandez-Enzo Fernandez-Enzo Fernandez-Cole Palmer-Cole Palmer-Enzo Fernandez-Enzo Fernandez-Enzo Fernandez-Pedro Lomba Neto-Pedro Lomba Neto,3955639,Chelsea,Lost,0,2,First half,1.2824938269778166,0.7717698711777349
Pass,Pedro Lomba Neto,3955639,Chelsea,Lost,0,2,First half,1.2824938269778166,0.7717698711777349
Ball Receipt-Pass-Ball Receipt-Carry-Pass-Ball Receipt,Marc Guiu Paz-Marc Guiu Paz-Kiernan Dewsbury-Hall-Kiernan Dewsbury-Hall-Kiernan Dewsbury-Hall-Cole Palmer,3955639,Chelsea,Lost,0,2,First half,1.2824938269778166,0.7717698711777349
Ball Recovery-50/50,Marc Guiu Paz-Marc Guiu Paz,3955639,Chelsea,Lost,0,2,First half,1.2824938269778166,0.7717698711777349
Pressure,Moisés Isaac Caicedo Corozo,3955639,Chelsea,Lost,0,2,First half,1.2824938269778166,0.7717698711777349
Pressure-Pressure,Malo Gusto-Moisés Isaac Caicedo Corozo,3955639,Chelsea,Lost,0,2,First half,1.2824938269778166,0.7717698711777349
Pressure,Pedro Lomba Neto,3955639,Chelsea,Lost,0,2,First half,1.2824938269778166,0.7717698711777349
Pressure,Marc Guiu Paz,3955639,Chelsea,Lost,0,2,First half,1.2824938269778166,0.7717698711777349
Pressure,Enzo Fernandez,3955639,Chelsea,Lost,0,2,First half,1.2824938269778166,0.7717698711777349
Pressure,Kiernan Dewsbury-Hall,3955639,Chelsea,Lost,0,2,First half,1.2824938269778166,0.7717698711777349
Pressure,Enzo Fernandez,3955639,Chelsea,Lost,0,2,First half,1.2824938269778166,0.7717698711777349
Pressure,Marc Guiu Paz,3955639,Chelsea,Lost,0,2,First half,1.2824938269778166,0.7717698711777349
Pressure-Foul Committed,Moisés Isaac Caicedo Corozo-Moisés Isaac Caicedo Corozo,3955639,Chelsea,Lost,0,2,First half,1.2824938269778166,0.7717698711777349
Pressure,Cole Palmer,3955639,Chelsea,Lost,0,2,First half,1.2824938269778166,0.7717698711777349
Pressure,Moisés Isaac Caicedo Corozo,3955639,Chelsea,Lost,0,2,First half,1.2824938269778166,0.7717698711777349
Dribbled Past,Malo Gusto,3955639,Chelsea,Lost,0,2,First half,1.2824938269778166,0.7717698711777349
Dribbled Past,Wesley Fofana,3955639,Chelsea,Lost,0,2,First half,1.2824938269778166,0.7717698711777349
Clearance-Ball Recovery-Carry-Pass,Levi Colwill-Wesley Fofana-Wesley Fofana-Wesley Fofana,3955639,Chelsea,Lost,0,2,First half,1.2824938269778166,0.7717698711777349
Ball Receipt-Pass-Ball Receipt-Carry,Marc Guiu Paz-Marc Guiu Paz-Kiernan Dewsbury-Hall-Kiernan Dewsbury-Hall,3955639,Chelsea,Lost,0,2,First half,1.2824938269778166,0.7717698711777349
Foul Won-Pass-Ball Receipt-Pass-Ball Receipt-Carry-Pass-Ball Receipt-Carry-Miscontrol,Kiernan Dewsbury-Hall-Levi Colwill-Enzo Fernandez-Enzo Fernandez-Cole Palmer-Cole Palmer-Cole Palmer-Pedro Lomba Neto-Pedro Lomba Neto-Pedro Lomba Neto,3955639,Chelsea,Lost,0,2,First half,1.2824938269778166,0.7717698711777349
Pressure,Pedro Lomba Neto,3955639,Chelsea,Lost,0,2,First half,1.2824938269778166,0.7717698711777349
Ball Recovery-Shot,Pedro Lomba Neto-Pedro Lomba Neto,3955639,Chelsea,Lost,0,2,First half,1.2824938269778166,0.7717698711777349
Ball Recovery-Carry-Pass-Ball Receipt-Carry-Pass-Ball Receipt-Carry-Pass-Ball Receipt-Carry-Pass-Ball Receipt,Renato De Palma Veiga-Renato De Palma Veiga-Renato De Palma Veiga-Pedro Lomba Neto-Pedro Lomba Neto-Pedro Lomba Neto-Enzo Fernandez-Enzo Fernandez-Enzo Fernandez-Renato De Palma Veiga-Renato De Palma Veiga-Renato De Palma Veiga-Kiernan Dewsbury-Hall,3955639,Chelsea,Lost,0,2,First half,1.2824938269778166,0.7717698711777349
Pressure,Kiernan Dewsbury-Hall,3955639,Chelsea,Lost,0,2,First half,1.2824938269778166,0.7717698711777349
Pressure,Pedro Lomba Neto,3955639,Chelsea,Lost,0,2,First half,1.2824938269778166,0.7717698711777349
Pressure,Renato De Palma Veiga,3955639,Chelsea,Lost,0,2,First half,1.2824938269778166,0.7717698711777349
Foul Committed,Renato De Palma Veiga,3955639,Chelsea,Lost,0,2,First half,1.2824938269778166,0.7717698711777349
Duel,Renato De Palma Veiga,3955639,Chelsea,Lost,0,2,First half,1.2824938269778166,0.7717698711777349
Pass-Ball Receipt-Carry-Pass,Renato De Palma Veiga-Wesley Fofana-Wesley Fofana-Wesley Fofana,3955639,Chelsea,Lost,0,2,First half,1.2824938269778166,0.7717698711777349
Ball Receipt-Carry,Cole Palmer-Cole Palmer,3955639,Chelsea,Lost,0,2,First half,1.2824938269778166,0.7717698711777349
Pass-Ball Receipt-Carry-Pass-Ball Receipt-Carry-Pass-Ball Receipt-Carry-Pass-Ball Receipt-Carry,Cole Palmer-Kiernan Dewsbury-Hall-Kiernan Dewsbury-Hall-Kiernan Dewsbury-Hall-Pedro Lomba Neto-Pedro Lomba Neto-Pedro Lomba Neto-Enzo Fernandez-Enzo Fernandez-Enzo Fernandez-Cole Palmer-Cole Palmer,3955639,Chelsea,Lost,0,2,First half,1.2824938269778166,0.7717698711777349
Foul Won-Pass-Ball Receipt-Carry-Pass-Ball Receipt-Carry-Pass,Cole Palmer-Cole Palmer-Moisés Isaac Caicedo Corozo-Moisés Isaac Caicedo Corozo-Moisés Isaac Caicedo Corozo-Malo Gusto-Malo Gusto-Malo Gusto,3955639,Chelsea,Lost,0,2,First half,1.2824938269778166,0.7717698711777349
Pass-Ball Receipt-Carry-Pass-Ball Receipt-Carry,Malo Gusto-Moisés Isaac Caicedo Corozo-Moisés Isaac Caicedo Corozo-Moisés Isaac Caicedo Corozo-Cole Palmer-Cole Palmer,3955639,Chelsea,Lost,0,2,First half,1.2824938269778166,0.7717698711777349
Dribble-Carry,Cole Palmer-Cole Palmer,3955639,Chelsea,Lost,0,2,First half,1.2824938269778166,0.7717698711777349
Shot,Cole Palmer,3955639,Chelsea,Lost,0,2,First half,1.2824938269778166,0.7717698711777349
Pressure,Malo Gusto,3955639,Chelsea,Lost,0,2,First half,1.2824938269778166,0.7717698711777349
Pressure-Foul Committed,Wesley Fofana-Wesley Fofana,3955639,Chelsea,Lost,0,2,First half,1.2824938269778166,0.7717698711777349
Pressure,Cole Palmer,3955639,Chelsea,Lost,0,2,First half,1.2824938269778166,0.7717698711777349
Duel,Cole Palmer,3955639,Chelsea,Lost,0,2,First half,1.2824938269778166,0.7717698711777349
Pressure,Wesley Fofana,3955639,Chelsea,Lost,0,2,First half,1.2824938269778166,0.7717698711777349
Ball Recovery-Carry-Pass,Cole Palmer-Cole Palmer-Cole Palmer,3955639,Chelsea,Lost,0,2,First half,1.2824938269778166,0.7717698711777349
Pressure,Malo Gusto,3955639,Chelsea,Lost,0,2,First half,1.2824938269778166,0.7717698711777349
Duel,Malo Gusto,3955639,Chelsea,Lost,0,2,First half,1.2824938269778166,0.7717698711777349
Pass-Ball Receipt-Carry-Pass-Ball Receipt-Pass-Ball Receipt-Carry-Pass-Ball Receipt-Duel,Cole Palmer-Enzo Fernandez-Enzo Fernandez-Enzo Fernandez-Moisés Isaac Caicedo Corozo-Moisés Isaac Caicedo Corozo-Wesley Fofana-Wesley Fofana-Wesley Fofana-Pedro Lomba Neto-Kiernan Dewsbury-Hall,3955639,Chelsea,Lost,0,2,First half,1.2824938269778166,0.7717698711777349
Pass-Ball Receipt-Pass-Ball Receipt-Carry-Pass-Ball Receipt-Pass-Ball Receipt-Carry-Pass-Ball Receipt-Carry-Pass-Ball Receipt-Carry-Pass-Ball Receipt-Carry-Pass-Ball Receipt-Carry-Pass,Wesley Fofana-Levi Colwill-Levi Colwill-Renato De Palma Veiga-Renato De Palma Veiga-Renato De Palma Veiga-Pedro Lomba Neto-Pedro Lomba Neto-Renato De Palma Veiga-Renato De Palma Veiga-Renato De Palma Veiga-Levi Colwill-Levi Colwill-Levi Colwill-Moisés Isaac Caicedo Corozo-Moisés Isaac Caicedo Corozo-Moisés Isaac Caicedo Corozo-Cole Palmer-Cole Palmer-Cole Palmer-Malo Gusto-Malo Gusto-Malo Gusto,3955639,Chelsea,Lost,0,2,First half,1.2824938269778166,0.7717698711777349
Ball Recovery-Carry-Pass-Ball Receipt-Carry-Pass-Ball Receipt-Carry,Levi Colwill-Levi Colwill-Levi Colwill-Pedro Lomba Neto-Pedro Lomba Neto-Pedro Lomba Neto-Enzo Fernandez-Enzo Fernandez,3955639,Chelsea,Lost,0,2,First half,1.2824938269778166,0.7717698711777349
Shot,Enzo Fernandez,3955639,Chelsea,Lost,0,2,First half,1.2824938269778166,0.7717698711777349
Clearance-Pass-Ball Receipt,Renato De Palma Veiga-Kiernan Dewsbury-Hall-Marc Guiu Paz,3955639,Chelsea,Lost,0,2,First half,1.2824938269778166,0.7717698711777349
Pressure,Moisés Isaac Caicedo Corozo,3955639,Chelsea,Lost,0,2,First half,1.2824938269778166,0.7717698711777349
