words,possession,word_players,match_id,team_name
Pass-Ball Receipt-Carry-Pass-Ball Receipt,2,Nikola Krstović-Federico Baschirotto-Federico Baschirotto-Federico Baschirotto-Þórir Jóhann Helgason,3945263,Lecce
Pass-Ball Receipt-Duel-Ball Recovery-Shot-Ball Recovery-Carry-Pass-Ball Receipt-Carry-Pass-Ball Receipt-Carry-Shot,4,Frédéric Guilbert-Þórir Jóhann Helgason-Þórir Jóhann Helgason-Frédéric Guilbert-Frédéric Guilbert-Santiago Pierotti-Santiago Pierotti-Santiago Pierotti-Þórir Jóhann Helgason-Þórir Jóhann Helgason-Þórir Jóhann Helgason-Ylber Ramadani-Ylber Ramadani-Ylber Ramadani,3945263,Lecce
Pass-Ball Receipt-Carry-Foul Won,6,Kialonda Gaspar-José Antonio Morente Oliva-José Antonio Morente Oliva-José Antonio Morente Oliva,3945263,Lecce
Pass-Ball Receipt-Pass-Ball Receipt-Carry-Pass-Ball Receipt-Carry-Pass-Ball Receipt-Carry-Pass,7,Federico Baschirotto-Kialonda Gaspar-Kialonda Gaspar-Frédéric Guilbert-Frédéric Guilbert-Frédéric Guilbert-Kialonda Gaspar-Kialonda Gaspar-Kialonda Gaspar-Antonino Gallo-Antonino Gallo-Antonino Gallo,3945263,Lecce
Pass-Ball Receipt-Carry-Miscontrol,9,Kialonda Gaspar-Frédéric Guilbert-Frédéric Guilbert-Frédéric Guilbert,3945263,Lecce
Pass-Ball Receipt-Carry-Pass-Ball Recovery-Carry-Pass,11,Antonino Gallo-Nikola Krstović-Nikola Krstović-Nikola Krstović-Nikola Krstović-Nikola Krstović-Nikola Krstović,3945263,Lecce
Pass-Ball Receipt-Pass-Ball Receipt-Carry-Pass-Ball Receipt-Carry-Pass,12,Antonino Gallo-Nikola Krstović-Federico Baschirotto-Antonino Gallo-Antonino Gallo-Antonino Gallo-José Antonio Morente Oliva-José Antonio Morente Oliva-José Antonio Morente Oliva,3945263,Lecce
Pass-Ball Receipt-Pass-Ball Recovery-Carry-Pass-Ball Receipt-Carry-Pass-Ball Receipt-Carry-Pass-Ball Receipt-Carry-Pass-Ball Receipt,13,Frédéric Guilbert-Þórir Jóhann Helgason-Þórir Jóhann Helgason-Nikola Krstović-Nikola Krstović-Nikola Krstović-Ylber Ramadani-Ylber Ramadani-Ylber Ramadani-Lassana Coulibaly-Lassana Coulibaly-Lassana Coulibaly-Santiago Pierotti-Santiago Pierotti-Santiago Pierotti-Þórir Jóhann Helgason,3945263,Lecce
Pass-Ball Receipt-Carry-Miscontrol-Pressure-Ball Recovery-Carry-Dribble-Carry-Block-Ball Recovery-Carry-Dispossessed,15,Federico Baschirotto-Þórir Jóhann Helgason-Þórir Jóhann Helgason-Þórir Jóhann Helgason-Þórir Jóhann Helgason-José Antonio Morente Oliva-José Antonio Morente Oliva-José Antonio Morente Oliva-José Antonio Morente Oliva-José Antonio Morente Oliva-Þórir Jóhann Helgason-Þórir Jóhann Helgason-Þórir Jóhann Helgason,3945263,Lecce
Duel-Carry-Dispossessed,17,José Antonio Morente Oliva-José Antonio Morente Oliva-José Antonio Morente Oliva,3945263,Lecce
Pass-Ball Receipt-Carry-Pass,18,Antonino Gallo-Nikola Krstović-Nikola Krstović-Nikola Krstović,3945263,Lecce
Duel-Ball Recovery-Carry-Pass-Ball Receipt-Carry-Pass-Ball Receipt-Pass-Ball Receipt,20,Antonino Gallo-Federico Baschirotto-Federico Baschirotto-Federico Baschirotto-Wladimiro Falcone-Wladimiro Falcone-Wladimiro Falcone-José Antonio Morente Oliva-José Antonio Morente Oliva-Nikola Krstović,3945263,Lecce
Pass-Ball Receipt,22,Frédéric Guilbert-Þórir Jóhann Helgason,3945263,Lecce
Pass-Ball Receipt-Carry-Pass,23,Frédéric Guilbert-Nikola Krstović-Nikola Krstović-Nikola Krstović,3945263,Lecce
Interception-Carry-Pass,26,Lassana Coulibaly-Lassana Coulibaly-Lassana Coulibaly,3945263,Lecce
Pass-Ball Receipt-Pass-Ball Receipt-Duel-Pass-Clearance,27,Frédéric Guilbert-Santiago Pierotti-Santiago Pierotti-Þórir Jóhann Helgason-Þórir Jóhann Helgason-Lassana Coulibaly-Antonino Gallo,3945263,Lecce
Clearance-Ball Recovery-Carry-Dribble,29,Kialonda Gaspar-Lassana Coulibaly-Lassana Coulibaly-Lassana Coulibaly,3945263,Lecce
Pass-Ball Receipt-Pass-Pressure-Ball Receipt-Pressure,30,Wladimiro Falcone-José Antonio Morente Oliva-José Antonio Morente Oliva-Santiago Pierotti-Santiago Pierotti-Frédéric Guilbert,3945263,Lecce
Pass-Ball Receipt-Carry-Pass,31,Frédéric Guilbert-Nikola Krstović-Nikola Krstović-Nikola Krstović,3945263,Lecce
Pass-Ball Receipt-Carry-Pass-Ball Receipt,33,Frédéric Guilbert-Ylber Ramadani-Ylber Ramadani-Ylber Ramadani-Nikola Krstović,3945263,Lecce
Ball Recovery-Carry-Pass-Ball Receipt-Carry-Pass-Ball Receipt-Carry-Dribble-Carry-Shield,36,Þórir Jóhann Helgason-Þórir Jóhann Helgason-Þórir Jóhann Helgason-Kialonda Gaspar-Kialonda Gaspar-Kialonda Gaspar-Frédéric Guilbert-Frédéric Guilbert-Frédéric Guilbert-Frédéric Guilbert-Frédéric Guilbert,3945263,Lecce
Pass-Ball Receipt-Carry-Pass-Ball Receipt-Carry-Pass-Ball Receipt-Carry-Pass-Ball Receipt-Carry-Pass-Ball Receipt-Carry-Pass-Ball Receipt-Carry-Pass-Ball Receipt-Carry-Pass-Ball Receipt-Carry-Pass-Ball Receipt-Carry-Pass-Ball Receipt-Carry-Pass-Ball Receipt-Carry-Pass,37,Frédéric Guilbert-Ylber Ramadani-Ylber Ramadani-Ylber Ramadani-Frédéric Guilbert-Frédéric Guilbert-Frédéric Guilbert-Kialonda Gaspar-Kialonda Gaspar-Kialonda Gaspar-Federico Baschirotto-Federico Baschirotto-Federico Baschirotto-Kialonda Gaspar-Kialonda Gaspar-Kialonda Gaspar-Lassana Coulibaly-Lassana Coulibaly-Lassana Coulibaly-Ylber Ramadani-Ylber Ramadani-Ylber Ramadani-Santiago Pierotti-Santiago Pierotti-Santiago Pierotti-Frédéric Guilbert-Frédéric Guilbert-Frédéric Guilbert-Þórir Jóhann Helgason-Þórir Jóhann Helgason-Þórir Jóhann Helgason-Santiago Pierotti-Santiago Pierotti-Santiago Pierotti,3945263,Lecce
Pass,38,Þórir Jóhann Helgason,3945263,Lecce
Pass-Ball Receipt-Injury Stoppage,40,Lassana Coulibaly-Wladimiro Falcone-Wladimiro Falcone,3945263,Lecce
Referee Ball-Drop-Pass-Ball Receipt-Carry-Pass-Ball Receipt,42,Unknown-Federico Baschirotto-Wladimiro Falcone-Wladimiro Falcone-Wladimiro Falcone-Nikola Krstović,3945263,Lecce
Clearance-Pass-Ball Receipt-Carry-Pass-Ball Receipt-Carry-Pass-Ball Receipt-Carry-Shot,45,Lassana Coulibaly-Antonino Gallo-José Antonio Morente Oliva-José Antonio Morente Oliva-José Antonio Morente Oliva-Antonino Gallo-Antonino Gallo-Antonino Gallo-José Antonio Morente Oliva-José Antonio Morente Oliva-José Antonio Morente Oliva,3945263,Lecce
Pass-Ball Receipt-Carry-Pass-Ball Receipt,47,Kialonda Gaspar-Antonino Gallo-Antonino Gallo-Antonino Gallo-Nikola Krstović,3945263,Lecce
Interception-Carry-Pass,49,Kialonda Gaspar-Kialonda Gaspar-Kialonda Gaspar,3945263,Lecce
Ball Recovery-Carry-Pass-Ball Receipt-Carry-Pass,51,Þórir Jóhann Helgason-Þórir Jóhann Helgason-Þórir Jóhann Helgason-José Antonio Morente Oliva-José Antonio Morente Oliva-José Antonio Morente Oliva,3945263,Lecce
Pass-Ball Receipt-Carry-Miscontrol,52,Þórir Jóhann Helgason-Federico Baschirotto-Federico Baschirotto-Federico Baschirotto,3945263,Lecce
Pass-Ball Receipt-Carry-Pass-Duel-Pressure-Goal Keeper-Ball Recovery-Pressure,55,Federico Baschirotto-Wladimiro Falcone-Wladimiro Falcone-Wladimiro Falcone-Nikola Krstović-José Antonio Morente Oliva-Wladimiro Falcone-Lassana Coulibaly-Lassana Coulibaly,3945263,Lecce
Pass-Ball Receipt-Carry-Pass-Ball Receipt-Carry-Pass,57,Federico Baschirotto-Wladimiro Falcone-Wladimiro Falcone-Wladimiro Falcone-Nikola Krstović-Nikola Krstović-Nikola Krstović,3945263,Lecce
Duel-Carry-Dispossessed-Pass-Ball Receipt-Carry-Pass-Ball Receipt-Carry-Pass-Ball Receipt-Carry-Pass-Ball Receipt-Carry-Foul Won,59,Ylber Ramadani-Ylber Ramadani-Ylber Ramadani-Ylber Ramadani-Nikola Krstović-Nikola Krstović-Nikola Krstović-Frédéric Guilbert-Frédéric Guilbert-Frédéric Guilbert-Lassana Coulibaly-Lassana Coulibaly-Lassana Coulibaly-Frédéric Guilbert-Frédéric Guilbert-Frédéric Guilbert,3945263,Lecce
Pass-Ball Receipt-Carry-Pass-Ball Receipt-Carry-Miscontrol,60,Þórir Jóhann Helgason-Santiago Pierotti-Santiago Pierotti-Santiago Pierotti-Federico Baschirotto-Federico Baschirotto-Federico Baschirotto,3945263,Lecce
Pass-Duel,61,Þórir Jóhann Helgason-Ylber Ramadani,3945263,Lecce
Pass-Ball Recovery,62,Þórir Jóhann Helgason-Santiago Pierotti,3945263,Lecce
Pass-Ball Receipt-Carry-Foul Won,64,Wladimiro Falcone-José Antonio Morente Oliva-José Antonio Morente Oliva-José Antonio Morente Oliva,3945263,Lecce
Pass,65,Þórir Jóhann Helgason,3945263,Lecce
Pass-Ball Receipt-Carry-Pass-Ball Receipt-Carry-Pass-Ball Receipt-Ball Recovery-Carry-Dispossessed,68,Frédéric Guilbert-Nikola Krstović-Nikola Krstović-Nikola Krstović-Þórir Jóhann Helgason-Þórir Jóhann Helgason-Þórir Jóhann Helgason-Nikola Krstović-Nikola Krstović-Nikola Krstović-Nikola Krstović,3945263,Lecce
Goal Keeper-Pass-Ball Receipt-Pass-Ball Receipt-Carry-Pass-Ball Receipt-Carry-Shot-Ball Recovery-Carry-Pass-Ball Receipt-Carry-Pass-Ball Receipt-Shot,71,Wladimiro Falcone-Wladimiro Falcone-José Antonio Morente Oliva-José Antonio Morente Oliva-Santiago Pierotti-Santiago Pierotti-Santiago Pierotti-Nikola Krstović-Nikola Krstović-Nikola Krstović-Lassana Coulibaly-Lassana Coulibaly-Lassana Coulibaly-Frédéric Guilbert-Frédéric Guilbert-Frédéric Guilbert-Nikola Krstović-Nikola Krstović,3945263,Lecce
Pass-Ball Receipt-Carry-Miscontrol-Pressure,73,Frédéric Guilbert-Þórir Jóhann Helgason-Þórir Jóhann Helgason-Þórir Jóhann Helgason-Þórir Jóhann Helgason,3945263,Lecce
Pass-Ball Receipt-Pass-Pass-Ball Receipt-Carry-Pass-Ball Receipt-Carry-Pass-Ball Receipt-Carry-Pass-Ball Receipt-Carry-Pass-Ball Receipt-Carry-Pass-Ball Recovery-Carry-Shot,74,Frédéric Guilbert-Þórir Jóhann Helgason-Þórir Jóhann Helgason-Federico Baschirotto-Nikola Krstović-Nikola Krstović-Nikola Krstović-José Antonio Morente Oliva-José Antonio Morente Oliva-José Antonio Morente Oliva-Ylber Ramadani-Ylber Ramadani-Ylber Ramadani-José Antonio Morente Oliva-José Antonio Morente Oliva-José Antonio Morente Oliva-Antonino Gallo-Antonino Gallo-Antonino Gallo-Ylber Ramadani-Ylber Ramadani-Ylber Ramadani,3945263,Lecce
Pass-Ball Receipt-Pass,76,Kialonda Gaspar-Nikola Krstović-Nikola Krstović,3945263,Lecce
Interception-Carry-Pass-Ball Receipt-Carry-Pass-Ball Receipt-Carry-Pass-Ball Receipt-Shot,79,Ylber Ramadani-Ylber Ramadani-Ylber Ramadani-José Antonio Morente Oliva-José Antonio Morente Oliva-José Antonio Morente Oliva-Antonino Gallo-Antonino Gallo-Antonino Gallo-Nikola Krstović-Nikola Krstović,3945263,Lecce
Pass-Pressure-Foul Committed,81,Wladimiro Falcone-Santiago Pierotti-Santiago Pierotti,3945263,Lecce
Duel-Carry-Pass,83,Antonino Gallo-Antonino Gallo-Antonino Gallo,3945263,Lecce
Duel-Carry-Pass,86,Santiago Pierotti-Santiago Pierotti-Santiago Pierotti,3945263,Lecce
Ball Recovery-Carry-Pass-Ball Receipt-Carry-Pass-Ball Receipt-Carry-Dribble-Carry-Shot-50/50,88,Lassana Coulibaly-Lassana Coulibaly-Lassana Coulibaly-Þórir Jóhann Helgason-Þórir Jóhann Helgason-Þórir Jóhann Helgason-José Antonio Morente Oliva-José Antonio Morente Oliva-José Antonio Morente Oliva-José Antonio Morente Oliva-José Antonio Morente Oliva-Santiago Pierotti,3945263,Lecce
Pass-Ball Receipt-Pass-Pass-Ball Receipt-Carry-Pass-50/50-Carry-Pass-Ball Receipt-Carry-Pass-Ball Receipt-Pass-Pass,89,Frédéric Guilbert-Nikola Krstović-Nikola Krstović-Kialonda Gaspar-Antonino Gallo-Antonino Gallo-Antonino Gallo-Antonino Gallo-Antonino Gallo-Antonino Gallo-Ylber Ramadani-Ylber Ramadani-Ylber Ramadani-José Antonio Morente Oliva-José Antonio Morente Oliva-Federico Baschirotto,3945263,Lecce
Block-Ball Recovery-Carry-Pass-Ball Receipt-Carry-Pass-Ball Receipt,92,Lassana Coulibaly-Santiago Pierotti-Santiago Pierotti-Santiago Pierotti-Þórir Jóhann Helgason-Þórir Jóhann Helgason-Þórir Jóhann Helgason-Santiago Pierotti,3945263,Lecce
Pass-Ball Receipt-Carry-Pass-Ball Receipt-Pass,95,Frédéric Guilbert-Lassana Coulibaly-Lassana Coulibaly-Lassana Coulibaly-Ylber Ramadani-Ylber Ramadani,3945263,Lecce
Ball Recovery-Carry-Pass-Ball Receipt-Carry-Shot,97,Lassana Coulibaly-Lassana Coulibaly-Lassana Coulibaly-Nikola Krstović-Nikola Krstović-Nikola Krstović,3945263,Lecce
Pass-Ball Receipt-Carry-Pass-Ball Receipt-Pass,99,Federico Baschirotto-Antonino Gallo-Antonino Gallo-Antonino Gallo-Lassana Coulibaly-Lassana Coulibaly,3945263,Lecce
Interception-Ball Recovery-Carry-Foul Won,101,Antonino Gallo-José Antonio Morente Oliva-José Antonio Morente Oliva-José Antonio Morente Oliva,3945263,Lecce
Pass-Ball Receipt-Carry-Pass-Ball Receipt-Carry-Pass-Ball Receipt-Carry-Pass-Ball Receipt-Carry-Pass-Foul Won-Ball Receipt-Carry-Pass,102,Ylber Ramadani-Federico Baschirotto-Federico Baschirotto-Federico Baschirotto-Kialonda Gaspar-Kialonda Gaspar-Kialonda Gaspar-Frédéric Guilbert-Frédéric Guilbert-Frédéric Guilbert-Santiago Pierotti-Santiago Pierotti-Santiago Pierotti-Santiago Pierotti-Frédéric Guilbert-Frédéric Guilbert-Frédéric Guilbert,3945263,Lecce
Pass-Ball Receipt-Carry-Pass,103,Þórir Jóhann Helgason-José Antonio Morente Oliva-José Antonio Morente Oliva-José Antonio Morente Oliva,3945263,Lecce
Pass-Ball Receipt-Carry-Pass-Ball Receipt-Pass,106,Federico Baschirotto-Wladimiro Falcone-Wladimiro Falcone-Wladimiro Falcone-José Antonio Morente Oliva-José Antonio Morente Oliva,3945263,Lecce
Interception-Carry-Pass-Ball Receipt,109,Ylber Ramadani-Ylber Ramadani-Ylber Ramadani-Santiago Pierotti,3945263,Lecce
Duel-Carry-Dribble-Carry-Pass,111,Frédéric Guilbert-Frédéric Guilbert-Frédéric Guilbert-Frédéric Guilbert-Frédéric Guilbert,3945263,Lecce
Duel-Ball Recovery-Carry-Pass,113,Þórir Jóhann Helgason-Santiago Pierotti-Santiago Pierotti-Santiago Pierotti,3945263,Lecce
Pass-Ball Receipt-Carry-Pass-Ball Receipt-Carry-Pass-Ball Receipt-Carry-Pass-Pass-Ball Receipt-Carry-Pass-Ball Receipt-Pass-Ball Receipt-Carry-Pass-Ball Receipt-Carry-Pass-Ball Receipt,114,Frédéric Guilbert-Santiago Pierotti-Santiago Pierotti-Santiago Pierotti-Federico Baschirotto-Federico Baschirotto-Federico Baschirotto-Antonino Gallo-Antonino Gallo-Antonino Gallo-Antonino Gallo-José Antonio Morente Oliva-José Antonio Morente Oliva-José Antonio Morente Oliva-Þórir Jóhann Helgason-Þórir Jóhann Helgason-Santiago Pierotti-Santiago Pierotti-Santiago Pierotti-Nikola Krstović-Nikola Krstović-Nikola Krstović-Þórir Jóhann Helgason,3945263,Lecce
Ball Recovery-Carry-Pass-Ball Receipt-Carry-Pass-Ball Receipt-Carry-Dribble-Carry-Dribble-Carry-Pass-Ball Receipt-Carry-Pass-Ball Receipt-Carry-Pass-Ball Receipt-Carry-Pass-Ball Receipt-Carry-Pass,116,Antonino Gallo-Antonino Gallo-Antonino Gallo-Ylber Ramadani-Ylber Ramadani-Ylber Ramadani-José Antonio Morente Oliva-José Antonio Morente Oliva-José Antonio Morente Oliva-José Antonio Morente Oliva-José Antonio Morente Oliva-José Antonio Morente Oliva-José Antonio Morente Oliva-Frédéric Guilbert-Frédéric Guilbert-Frédéric Guilbert-Lassana Coulibaly-Lassana Coulibaly-Lassana Coulibaly-Ylber Ramadani-Ylber Ramadani-Ylber Ramadani-Frédéric Guilbert-Frédéric Guilbert-Frédéric Guilbert,3945263,Lecce
Ball Recovery-Carry-Pass-Ball Receipt-Carry-Dribble-Carry-Shot,118,Ylber Ramadani-Ylber Ramadani-Ylber Ramadani-José Antonio Morente Oliva-José Antonio Morente Oliva-José Antonio Morente Oliva-José Antonio Morente Oliva-José Antonio Morente Oliva,3945263,Lecce
Duel-Carry-Pass-Ball Receipt-Carry-Miscontrol,120,Santiago Pierotti-Santiago Pierotti-Santiago Pierotti-Nikola Krstović-Nikola Krstović-Nikola Krstović,3945263,Lecce
Pass-Ball Receipt-Carry-Pass-Ball Receipt-Carry-Pass-Ball Receipt-Carry-Pass-Ball Receipt-Carry-Pass-Ball Receipt-Pass-Ball Receipt,125,Federico Baschirotto-Wladimiro Falcone-Wladimiro Falcone-Wladimiro Falcone-Ylber Ramadani-Ylber Ramadani-Ylber Ramadani-Federico Baschirotto-Federico Baschirotto-Federico Baschirotto-Antonino Gallo-Antonino Gallo-Antonino Gallo-Þórir Jóhann Helgason-Þórir Jóhann Helgason-Nikola Krstović,3945263,Lecce
Pass-Ball Receipt-Duel-Clearance-Ball Recovery-Carry-Pass-Ball Receipt,128,Antonino Gallo-Nikola Krstović-Nikola Krstović-Federico Baschirotto-José Antonio Morente Oliva-José Antonio Morente Oliva-José Antonio Morente Oliva-Santiago Pierotti,3945263,Lecce
Interception-Carry-Pass,130,Antonino Gallo-Antonino Gallo-Antonino Gallo,3945263,Lecce
Pass-Ball Receipt-Pass-Ball Receipt-Carry-Pass-Ball Receipt-Duel-Block-Interception-Pressure,133,Nikola Krstović-Federico Baschirotto-Federico Baschirotto-Kialonda Gaspar-Kialonda Gaspar-Kialonda Gaspar-Santiago Pierotti-Santiago Pierotti-Santiago Pierotti-Lassana Coulibaly-Lassana Coulibaly,3945263,Lecce
Pass-Ball Receipt-Carry-Pass-Ball Receipt-Carry-Pass,135,Federico Baschirotto-Wladimiro Falcone-Wladimiro Falcone-Wladimiro Falcone-Antonino Gallo-Antonino Gallo-Antonino Gallo,3945263,Lecce
Clearance-Pass-Ball Receipt-Carry-Pass-Ball Receipt-Pass,137,Federico Baschirotto-Frédéric Guilbert-Wladimiro Falcone-Wladimiro Falcone-Wladimiro Falcone-Santiago Pierotti-Santiago Pierotti,3945263,Lecce
Block-Ball Recovery-Carry-Pass-Ball Receipt,139,Kialonda Gaspar-Santiago Pierotti-Santiago Pierotti-Santiago Pierotti-Nikola Krstović,3945263,Lecce
Ball Recovery-Pass-Ball Receipt-Carry-Miscontrol-Ball Recovery,141,José Antonio Morente Oliva-Antonino Gallo-José Antonio Morente Oliva-José Antonio Morente Oliva-José Antonio Morente Oliva-Antonino Gallo,3945263,Lecce
Interception-Pass-Ball Receipt-Carry-Miscontrol,143,Frédéric Guilbert-Frédéric Guilbert-Þórir Jóhann Helgason-Þórir Jóhann Helgason-Þórir Jóhann Helgason,3945263,Lecce
Pass-Ball Receipt-Carry-Pass-Ball Receipt,145,Federico Baschirotto-Wladimiro Falcone-Wladimiro Falcone-Wladimiro Falcone-Nikola Krstović,3945263,Lecce
Pass-Ball Receipt-Carry-Foul Won,148,Balthazar Pierret-José Antonio Morente Oliva-José Antonio Morente Oliva-José Antonio Morente Oliva,3945263,Lecce
Pass-Ball Receipt-Carry-Pass-Ball Receipt-Carry-Pass-Ball Receipt-Carry-Pass-Foul Won,149,Balthazar Pierret-Federico Baschirotto-Federico Baschirotto-Federico Baschirotto-Antonino Gallo-Antonino Gallo-Antonino Gallo-Balthazar Pierret-Balthazar Pierret-Balthazar Pierret-José Antonio Morente Oliva,3945263,Lecce
Pass-Ball Recovery-Carry-Pass-Ball Recovery-Shot,150,Medon Berisha-Þórir Jóhann Helgason-Þórir Jóhann Helgason-Þórir Jóhann Helgason-José Antonio Morente Oliva-José Antonio Morente Oliva,3945263,Lecce
Ball Recovery-Carry-Pass-Ball Receipt-Carry-Pass-Ball Receipt-Carry-Pass-Ball Receipt-Carry-Pass-Pass-Ball Receipt-Carry-Pass-Ball Receipt-Carry-Foul Won-Pass-Ball Receipt-Carry-Pass-Ball Receipt-Carry-Pass-Ball Receipt-Carry-Pass-Ball Receipt-Carry-Pass-Ball Receipt-Carry-Pass-Ball Receipt-Carry-Pass-Ball Receipt-Carry-Pass-Ball Receipt-Carry-Pass-Ball Receipt-Carry-Pass-Ball Receipt-Carry-Pass-Ball Receipt-Carry-Miscontrol,152,Wladimiro Falcone-Wladimiro Falcone-Wladimiro Falcone-Antonino Gallo-Antonino Gallo-Antonino Gallo-José Antonio Morente Oliva-José Antonio Morente Oliva-José Antonio Morente Oliva-Balthazar Pierret-Balthazar Pierret-Balthazar Pierret-Medon Berisha-José Antonio Morente Oliva-José Antonio Morente Oliva-José Antonio Morente Oliva-Medon Berisha-Medon Berisha-Medon Berisha-Medon Berisha-Konan Ignace Jocelyn N’dri-Konan Ignace Jocelyn N’dri-Konan Ignace Jocelyn N’dri-Frédéric Guilbert-Frédéric Guilbert-Frédéric Guilbert-Þórir Jóhann Helgason-Þórir Jóhann Helgason-Þórir Jóhann Helgason-Kialonda Gaspar-Kialonda Gaspar-Kialonda Gaspar-Balthazar Pierret-Balthazar Pierret-Balthazar Pierret-Federico Baschirotto-Federico Baschirotto-Federico Baschirotto-José Antonio Morente Oliva-José Antonio Morente Oliva-José Antonio Morente Oliva-Federico Baschirotto-Federico Baschirotto-Federico Baschirotto-Balthazar Pierret-Balthazar Pierret-Balthazar Pierret-Frédéric Guilbert-Frédéric Guilbert-Frédéric Guilbert-Þórir Jóhann Helgason-Þórir Jóhann Helgason-Þórir Jóhann Helgason,3945263,Lecce
Pass,154,Frédéric Guilbert,3945263,Lecce
Pass-Foul Committed,156,Antonino Gallo-Nikola Krstović,3945263,Lecce
Pass-Pass-Ball Receipt-Ball Receipt-Carry-Pass-Ball Receipt-Carry-Pass-Ball Receipt-Carry-Pass,158,Balthazar Pierret-Konan Ignace Jocelyn N’dri-Konan Ignace Jocelyn N’dri-Medon Berisha-Medon Berisha-Medon Berisha-Frédéric Guilbert-Frédéric Guilbert-Frédéric Guilbert-Konan Ignace Jocelyn N’dri-Konan Ignace Jocelyn N’dri-Konan Ignace Jocelyn N’dri,3945263,Lecce
Ball Recovery-Carry-Pass-Ball Recovery-Carry-Pass-Ball Receipt-Carry-Pass-Player On,161,José Antonio Morente Oliva-José Antonio Morente Oliva-José Antonio Morente Oliva-José Antonio Morente Oliva-José Antonio Morente Oliva-José Antonio Morente Oliva-Antonino Gallo-Antonino Gallo-Antonino Gallo-Frédéric Guilbert,3945263,Lecce
Pass-Ball Receipt-Carry-Pass-Ball Receipt-Carry-Pass-Ball Receipt-Carry-Pass-Ball Receipt-Carry-Pass-Ball Receipt-Carry-Pass-Ball Receipt-Carry-Pass-Ball Receipt,162,Antonino Gallo-Federico Baschirotto-Federico Baschirotto-Federico Baschirotto-Kialonda Gaspar-Kialonda Gaspar-Kialonda Gaspar-Frédéric Guilbert-Frédéric Guilbert-Frédéric Guilbert-Þórir Jóhann Helgason-Þórir Jóhann Helgason-Þórir Jóhann Helgason-Frédéric Guilbert-Frédéric Guilbert-Frédéric Guilbert-Þórir Jóhann Helgason-Þórir Jóhann Helgason-Þórir Jóhann Helgason-Frédéric Guilbert,3945263,Lecce
Ball Recovery-Carry-Pass-Ball Receipt-Carry-Shot,165,José Antonio Morente Oliva-José Antonio Morente Oliva-José Antonio Morente Oliva-Konan Ignace Jocelyn N’dri-Konan Ignace Jocelyn N’dri-Konan Ignace Jocelyn N’dri,3945263,Lecce
Pass-Ball Receipt-Carry-Pass-Ball Receipt-Carry-Pass-Ball Receipt-Shot,166,Konan Ignace Jocelyn N’dri-Þórir Jóhann Helgason-Þórir Jóhann Helgason-Þórir Jóhann Helgason-Medon Berisha-Medon Berisha-Medon Berisha-Federico Baschirotto-Federico Baschirotto,3945263,Lecce
Block-Pass,168,Balthazar Pierret-Medon Berisha,3945263,Lecce
Pass-Ball Receipt-Carry-Pass-Ball Receipt-Carry-Pass,171,Medon Berisha-Federico Baschirotto-Federico Baschirotto-Federico Baschirotto-Wladimiro Falcone-Wladimiro Falcone-Wladimiro Falcone,3945263,Lecce
Pass-Ball Receipt-Carry-Dribble-Carry-Foul Won,173,Medon Berisha-José Antonio Morente Oliva-José Antonio Morente Oliva-José Antonio Morente Oliva-José Antonio Morente Oliva-José Antonio Morente Oliva,3945263,Lecce
Pass-Ball Receipt-Carry-Pass-Ball Receipt-Carry-Pass-Ball Receipt-Pass-Ball Receipt-Shot,174,Medon Berisha-Þórir Jóhann Helgason-Þórir Jóhann Helgason-Þórir Jóhann Helgason-Frédéric Guilbert-Frédéric Guilbert-Frédéric Guilbert-José Antonio Morente Oliva-José Antonio Morente Oliva-Nikola Krstović-Nikola Krstović,3945263,Lecce
Pass-Ball Receipt-Shot,175,Þórir Jóhann Helgason-Federico Baschirotto-Federico Baschirotto,3945263,Lecce
Pass-Ball Receipt-Carry-Pass-Ball Receipt-Carry-Pass-Ball Receipt-Carry-Pass-Ball Receipt-Carry-Pass-Ball Receipt-Carry-Pass-Ball Receipt-Carry-Pass-Ball Receipt-Carry-Dribble,177,Antonino Gallo-Nikola Krstović-Nikola Krstović-Nikola Krstović-Balthazar Pierret-Balthazar Pierret-Balthazar Pierret-Medon Berisha-Medon Berisha-Medon Berisha-Frédéric Guilbert-Frédéric Guilbert-Frédéric Guilbert-Medon Berisha-Medon Berisha-Medon Berisha-Þórir Jóhann Helgason-Þórir Jóhann Helgason-Þórir Jóhann Helgason-Nikola Krstović-Nikola Krstović-Nikola Krstović,3945263,Lecce
Pass-Ball Receipt-Pass-Ball Receipt-Ball Recovery-Carry-Dribble-Carry-Pass-Ball Receipt-Carry-Pass-Substitution,179,Frédéric Guilbert-Balthazar Pierret-Balthazar Pierret-Nikola Krstović-José Antonio Morente Oliva-José Antonio Morente Oliva-José Antonio Morente Oliva-José Antonio Morente Oliva-José Antonio Morente Oliva-Antonino Gallo-Antonino Gallo-Antonino Gallo-Frédéric Guilbert,3945263,Lecce
Pass-Ball Receipt-Carry-Miscontrol-Pressure,180,Antonino Gallo-José Antonio Morente Oliva-José Antonio Morente Oliva-José Antonio Morente Oliva-José Antonio Morente Oliva,3945263,Lecce
Duel-Carry-Pass-Ball Receipt-Carry-Pass-Ball Receipt-Carry-Pass-Ball Receipt-Carry-Pass-Ball Receipt-Carry-Pass-Ball Receipt-Carry-Pass,183,Danilo Filipe Melo Veiga-Danilo Filipe Melo Veiga-Danilo Filipe Melo Veiga-Antonino Gallo-Antonino Gallo-Antonino Gallo-Wladimiro Falcone-Wladimiro Falcone-Wladimiro Falcone-José Antonio Morente Oliva-José Antonio Morente Oliva-José Antonio Morente Oliva-Nikola Krstović-Nikola Krstović-Nikola Krstović-Antonino Gallo-Antonino Gallo-Antonino Gallo,3945263,Lecce
Pass,184,Þórir Jóhann Helgason,3945263,Lecce
Pass-Ball Receipt-Carry-Pass-Ball Receipt-Carry-Pass,186,Konan Ignace Jocelyn N’dri-Balthazar Pierret-Balthazar Pierret-Balthazar Pierret-Danilo Filipe Melo Veiga-Danilo Filipe Melo Veiga-Danilo Filipe Melo Veiga,3945263,Lecce
Interception-Carry-Pass-Ball Receipt-Carry-Dribble,188,Balthazar Pierret-Balthazar Pierret-Balthazar Pierret-Konan Ignace Jocelyn N’dri-Konan Ignace Jocelyn N’dri-Konan Ignace Jocelyn N’dri,3945263,Lecce
Ball Recovery-Carry-Pass-Ball Receipt-Carry-Error-Pass-Ball Receipt,191,Wladimiro Falcone-Wladimiro Falcone-Wladimiro Falcone-Medon Berisha-Medon Berisha-Medon Berisha-Medon Berisha-Wladimiro Falcone,3945263,Lecce
Goal Keeper-Pass-Pass-Ball Receipt-Carry-Pass-Ball Receipt-Carry-Pass-Ball Receipt-Carry-Pass-Ball Receipt-Duel-Pass-Ball Receipt-Carry-Pass-Ball Receipt-Carry-Pass-Ball Receipt-Carry-Pass-Ball Receipt-Duel-Pass-Ball Receipt-Carry-Pass-Ball Receipt-Carry-Pass-Ball Receipt-Shot,193,Wladimiro Falcone-Wladimiro Falcone-Þórir Jóhann Helgason-Balthazar Pierret-Balthazar Pierret-Balthazar Pierret-Medon Berisha-Medon Berisha-Medon Berisha-Danilo Filipe Melo Veiga-Danilo Filipe Melo Veiga-Danilo Filipe Melo Veiga-Nikola Krstović-Nikola Krstović-José Antonio Morente Oliva-Antonino Gallo-Antonino Gallo-Antonino Gallo-José Antonio Morente Oliva-José Antonio Morente Oliva-José Antonio Morente Oliva-Antonino Gallo-Antonino Gallo-Antonino Gallo-Nikola Krstović-Nikola Krstović-Balthazar Pierret-Medon Berisha-Medon Berisha-Medon Berisha-Danilo Filipe Melo Veiga-Danilo Filipe Melo Veiga-Danilo Filipe Melo Veiga-Nikola Krstović-Nikola Krstović,3945263,Lecce
Pass-Ball Receipt-Carry-Shot,195,Antonino Gallo-Nikola Krstović-Nikola Krstović-Nikola Krstović,3945263,Lecce
Pass-Ball Receipt-Pass-Ball Receipt-Pass,197,Kialonda Gaspar-Þórir Jóhann Helgason-Þórir Jóhann Helgason-Nikola Krstović-Nikola Krstović,3945263,Lecce
Pass-Ball Receipt-Carry-Pass,199,Balthazar Pierret-Nikola Krstović-Nikola Krstović-Nikola Krstović,3945263,Lecce
Pass-Ball Receipt-Carry-Dribble-Carry-Pressure,200,Antonino Gallo-Balthazar Pierret-Balthazar Pierret-Balthazar Pierret-Balthazar Pierret-Balthazar Pierret,3945263,Lecce
Pass-Ball Receipt-Carry-Dispossessed,202,Antonino Gallo-Nikola Krstović-Nikola Krstović-Nikola Krstović,3945263,Lecce
Block-Pass-Ball Receipt-Carry-Pass-Ball Receipt-Carry-Pass,204,Antonino Gallo-Þórir Jóhann Helgason-Wladimiro Falcone-Wladimiro Falcone-Wladimiro Falcone-Federico Baschirotto-Federico Baschirotto-Federico Baschirotto,3945263,Lecce
Pass-Ball Receipt-Carry-Pass-Ball Receipt-Carry-Pass-Ball Receipt-Carry-Pass-Ball Receipt-Carry-Pass-Ball Receipt-Carry-Shot,206,Þórir Jóhann Helgason-Balthazar Pierret-Balthazar Pierret-Balthazar Pierret-Medon Berisha-Medon Berisha-Medon Berisha-Antonino Gallo-Antonino Gallo-Antonino Gallo-José Antonio Morente Oliva-José Antonio Morente Oliva-José Antonio Morente Oliva-Medon Berisha-Medon Berisha-Medon Berisha,3945263,Lecce
Ball Recovery-Carry-Pass,208,Balthazar Pierret-Balthazar Pierret-Balthazar Pierret,3945263,Lecce
Goal Keeper-Carry-Pass-Ball Receipt-Carry-Pass-Pressure-Ball Receipt,210,Wladimiro Falcone-Wladimiro Falcone-Wladimiro Falcone-Nikola Krstović-Nikola Krstović-Nikola Krstović-José Antonio Morente Oliva-José Antonio Morente Oliva,3945263,Lecce
Pass-Ball Receipt-Carry-Pass-Ball Receipt-Carry-Dribble-Carry-Dribble,212,Medon Berisha-Federico Baschirotto-Federico Baschirotto-Federico Baschirotto-Antonino Gallo-Antonino Gallo-Antonino Gallo-Antonino Gallo-Antonino Gallo,3945263,Lecce
Goal Keeper-Pass-Ball Receipt-Carry-Foul Won,214,Wladimiro Falcone-Wladimiro Falcone-Konan Ignace Jocelyn N’dri-Konan Ignace Jocelyn N’dri-Konan Ignace Jocelyn N’dri,3945263,Lecce
Pass-Ball Receipt-Ball Recovery-Carry-Pass-Ball Receipt-Shot-Pressure,215,Medon Berisha-Kialonda Gaspar-Nikola Krstović-Nikola Krstović-Nikola Krstović-Konan Ignace Jocelyn N’dri-Konan Ignace Jocelyn N’dri-Nikola Krstović,3945263,Lecce
Pass-Pass,216,Antonino Gallo-José Antonio Morente Oliva,3945263,Lecce
Duel-Ball Recovery-Carry-Pass-Ball Receipt-Carry-Pass-Ball Receipt-Carry-Dribble,218,Antonino Gallo-Balthazar Pierret-Balthazar Pierret-Balthazar Pierret-Medon Berisha-Medon Berisha-Medon Berisha-Konan Ignace Jocelyn N’dri-Konan Ignace Jocelyn N’dri-Konan Ignace Jocelyn N’dri,3945263,Lecce
Pass-Ball Receipt-Duel-Pass-Ball Receipt-Carry-Foul Won,220,Wladimiro Falcone-Nikola Krstović-Nikola Krstović-Federico Baschirotto-José Antonio Morente Oliva-José Antonio Morente Oliva-José Antonio Morente Oliva,3945263,Lecce
Pass-Ball Receipt-Carry-Pass-Ball Recovery-Carry-Pass-Pressure-Ball Recovery-Carry-Pass,221,Þórir Jóhann Helgason-Medon Berisha-Medon Berisha-Medon Berisha-Danilo Filipe Melo Veiga-Danilo Filipe Melo Veiga-Danilo Filipe Melo Veiga-José Antonio Morente Oliva-Antonino Gallo-Antonino Gallo-Antonino Gallo,3945263,Lecce
Pass-Ball Receipt-Carry-Foul Won,223,Medon Berisha-Konan Ignace Jocelyn N’dri-Konan Ignace Jocelyn N’dri-Konan Ignace Jocelyn N’dri,3945263,Lecce
Shot-Pressure-Ball Recovery-Carry-Pass-Ball Receipt-Pass-Ball Receipt-Shot,224,Medon Berisha-Medon Berisha-Danilo Filipe Melo Veiga-Danilo Filipe Melo Veiga-Danilo Filipe Melo Veiga-Kialonda Gaspar-Kialonda Gaspar-Federico Baschirotto-Federico Baschirotto,3945263,Lecce
Duel-Ball Recovery-Carry-Dribble,226,Medon Berisha-Konan Ignace Jocelyn N’dri-Konan Ignace Jocelyn N’dri-Konan Ignace Jocelyn N’dri,3945263,Lecce
Pass-Ball Receipt-Foul Won,228,Wladimiro Falcone-José Antonio Morente Oliva-José Antonio Morente Oliva,3945263,Lecce
Pass-Ball Receipt-Carry-Miscontrol,229,Federico Baschirotto-Nikola Krstović-Nikola Krstović-Nikola Krstović,3945263,Lecce
Pass-Ball Receipt-Carry-Pass-Ball Receipt-Carry-Pass-Ball Receipt-Carry-Pass-Ball Receipt-Carry-Pass-Ball Receipt-Carry-Pass-Ball Receipt,231,Medon Berisha-Federico Baschirotto-Federico Baschirotto-Federico Baschirotto-Balthazar Pierret-Balthazar Pierret-Balthazar Pierret-Medon Berisha-Medon Berisha-Medon Berisha-Antonino Gallo-Antonino Gallo-Antonino Gallo-Federico Baschirotto-Federico Baschirotto-Federico Baschirotto-Þórir Jóhann Helgason,3945263,Lecce
Pass-Ball Receipt-Pass-Ball Receipt-Carry-Pass-Ball Receipt-Carry-Pass-Ball Receipt,233,Wladimiro Falcone-Danilo Filipe Melo Veiga-Danilo Filipe Melo Veiga-Medon Berisha-Medon Berisha-Medon Berisha-Balthazar Pierret-Balthazar Pierret-Balthazar Pierret-Antonino Gallo,3945263,Lecce
Clearance-Ball Recovery-Carry-Pass-Ball Receipt-Carry-Dispossessed,238,Kialonda Gaspar-José Antonio Morente Oliva-José Antonio Morente Oliva-José Antonio Morente Oliva-Konan Ignace Jocelyn N’dri-Konan Ignace Jocelyn N’dri-Konan Ignace Jocelyn N’dri,3945263,Lecce
Pass-Ball Receipt,240,Danilo Filipe Melo Veiga-Þórir Jóhann Helgason,3945263,Lecce
Ball Recovery-Carry-Pass-Ball Receipt-Carry-Pass-Ball Receipt-Carry-Miscontrol,242,Medon Berisha-Medon Berisha-Medon Berisha-José Antonio Morente Oliva-José Antonio Morente Oliva-José Antonio Morente Oliva-Antonino Gallo-Antonino Gallo-Antonino Gallo,3945263,Lecce
Pass-Ball Receipt-Carry-Pass-Pressure,244,Kialonda Gaspar-Danilo Filipe Melo Veiga-Danilo Filipe Melo Veiga-Danilo Filipe Melo Veiga-Konan Ignace Jocelyn N’dri,3945263,Lecce
Pass-Ball Receipt-Pass-Ball Receipt-Carry-Dribble-Carry-Pass-Ball Receipt-Carry-Pass-Ball Receipt-Carry-Pass-Ball Receipt-Carry-Foul Won,246,Kialonda Gaspar-Medon Berisha-Medon Berisha-Danilo Filipe Melo Veiga-Danilo Filipe Melo Veiga-Danilo Filipe Melo Veiga-Danilo Filipe Melo Veiga-Danilo Filipe Melo Veiga-Þórir Jóhann Helgason-Þórir Jóhann Helgason-Þórir Jóhann Helgason-Balthazar Pierret-Balthazar Pierret-Balthazar Pierret-Antonino Gallo-Antonino Gallo-Antonino Gallo,3945263,Lecce
Pass,247,Þórir Jóhann Helgason,3945263,Lecce
Ball Recovery-Carry-Pass-Ball Receipt,249,Wladimiro Falcone-Wladimiro Falcone-Wladimiro Falcone-Konan Ignace Jocelyn N’dri,3945263,Lecce
Clearance-Pass-Ball Receipt-Carry-Pass-Pass-Ball Receipt-Carry-Pass-Ball Receipt-Shot,251,Kialonda Gaspar-Federico Baschirotto-Wladimiro Falcone-Wladimiro Falcone-Wladimiro Falcone-Federico Baschirotto-Nikola Krstović-Nikola Krstović-Nikola Krstović-Medon Berisha-Medon Berisha,3945263,Lecce
Pass-Ball Receipt-Carry-Pass-Ball Receipt,253,Federico Baschirotto-Wladimiro Falcone-Wladimiro Falcone-Wladimiro Falcone-Konan Ignace Jocelyn N’dri,3945263,Lecce
Ball Recovery-Carry-Pass,256,Wladimiro Falcone-Wladimiro Falcone-Wladimiro Falcone,3945263,Lecce
Ball Recovery-Carry-Pass-Ball Receipt-Carry-Pass-Ball Receipt-Carry-Shot,258,Balthazar Pierret-Balthazar Pierret-Balthazar Pierret-José Antonio Morente Oliva-José Antonio Morente Oliva-José Antonio Morente Oliva-Nikola Krstović-Nikola Krstović-Nikola Krstović,3945263,Lecce
